S No,Project,Capacity (MW),Project Size,River,Application No,Application Date,License No,Issue Date,Validity,Promoter,Address,Latitiude N,,Longitude E,,VDC/District,Commercial Operation Year,Commercial Operation Date,Remarks,Wki Link,Website,EIA/SIA Report,Annual Report,Othe Documents/Links,Images,Data Source
1,Balephi,50,Medium (25-100),Balephi,,9/18/2066,,,,Balephi Jalbidhut Company Ltd,"GPO Box:772, Kathmandu","27o51' 42""","27o53' 42""","85o45' 00""","85o46' 00""",(Sindhupalchok),,,,,,,,,,DOED
2,Tanahu Seti HEP,127,Large (100-500),Seti,7188,2/12/2067,,,,Tanahu Hydropower Limited,"4th Floor, Trade Tower, Thapathali, Kathmandu. Phone: 5111117, 5111118 Fax: 5111121, Email: info@thl.com.np","27o55' 00""","28o20' 30""","84o02' 30""","84o17' 30""","Damauli,Kahu Sivapur (Tanahu)",,,,,,,,,,DOED
3,Super Madi,44,Medium (25-100),Madi,,5/23/2067,,,,Himal Hydro and General Construction Ltd.,"P.O.Box 12268, Kathmandu, Phone 01-5000032, 5000211","28o19' 02""","28o21' 39""","84o04' 45""","84o08' 34""",(Kaski),,,,,,,,,,DOED
4,Likhu -2,55,Medium (25-100),Likhu,,3/9/2068,,,,Global Hydropower Associate Pvt. Ltd,"Bhamti Bhandar -3, Ramechhap, Nepal","27o34' 03""","27o36' 26""","86o22' 43""","86o26' 00""",(Ramechhap),,,,,,,,,,DOED
5,Likhu -1,77,Medium (25-100),Likhu,,3/9/2068,,,,Pan Himay Energy Pvt. Ltd,Ph. 01-4472160,"27o36' 00""","27o40' 35""","86o26' 00""","86o28' 00""",(Ramechhap),,,,,,,,,,DOED
6,Ankhu Khola,42.9,Medium (25-100),Aankhu,,3/13/2068,,,,Ankhu Hydropower Pvt. Ltd,"P.O. Box 12576, Kathmandu, Nepal","28o04' 00""","28o07' 00""","84o58' 35""","85o01' 40""",(Dhading),,,,,,,,,,DOED
7,Singati Khola hydropower project,16,Small (1-25),Singati,7465,3/15/2068,,,,Singati Hydro Energy Pvt. Ltd.,"Thapathali-11, Kathmandu, Tel: 4228816, Fax : 977-1-4223570","27o44' 00""","27o47' 17""","86o07' 05""","86o09' 55""","Babare,Laduk,Lamidada (Dolakha)",,,,,,,,,,DOED
8,Mewa Khola Hydropower project,50,Medium (25-100),Mewa,7495,3/24/2068,,,,United Mewa Khola Hydropower Pvt Ltd,"Anamnagar, Kathmandu, Tel: 4770245, Fax: 4771109","27o24' 08""","27o26' 52""","87o36' 40""","87o37' 15""","Khamlung,Khokling,Lingtep,Liwang,Thukima (Taplejung)",,,,,,,,,,DOED
9,Upper Marsyangdi -2,600,Mega (Above 500),Marsyangdi,,6/25/2068,,,,Himtal Hydropower Company Pvt. Ltd,"Thapathali, Kathmandu, Nepal. Ph: 4247237","28o22' 04""","28o30' 00""","84o21' 30""","84o25' 03""",(Manang),,,,,,,,,,DOED
10,Upper Tamor,415,Large (100-500),Tamor,,8/29/2068,,,,Tamor Sanima Energy P. Ltd,"P.O. Box: 19737, Ph: 4445952, Fax: 4425953","27o27' 11""","27o30' 45""","87o42' 30""","87o48' 03""",(Taplejung),,,,,,,,,,DOED
11,Upper Chauri Khola,6,Small (1-25),Chauri,,9/22/2068,,,,Himalayan Water Resources & Energy Development Co. P. Ltd,"P.O. Box:2919, Tel: 4483152","27o34' 18""","27o35' 55""","85o49' 33""","85o51' 59""",(Kabhrepalanchok),,,,,,,,,,DOED
12,Tamakoshi-3 TA-3,650,Mega (Above 500),TamaKoshi,3461,11/11/2068,,,,S. N. Power Holding Singapur P. Ltd.,,"27o29' 34""","27o39' 50""","86o04' 34""","86o07' 09""",(Dolakha),,,,,,,,,,DOED
13,Upper Tadi,11,Small (1-25),Tadi,3845,12/26/2068,,,,Surya Kund Hydro Electric Pvt. Ltd.,"Anam Nagar Kathmandu, Phone 01-4770245, 01-4771285 Fax 01-4771109","27o57' 50""","27o59' 03""","85o25' 01""","85o27' 00""",(Nuwakot),,,,,,,,,,DOED
14,Upper Modi A,42,Medium (25-100),Modi,3932,1/7/2069,,,,Nepal Electricity Authority,"Durbarmarga, Kathmandu","28o20' 00""","28o24' 06""","83o46' 53""","83o50' 00""","Lumle,Ghandruk (Kaski)",,,,,,,,,,DOED
15,Upper Charnawati Khola,2.2,Small (1-25),Charnawati,14,4/2/2069,,,,Swoyambhu Hydropower P. Ltd,"GPO Box: 8975 , Kathmandu, Tel :01-5534472","27o39' 21""","27o40' 30""","85o59' 15""","86o01' 37""",(Dolakha),,,Survey Lic No: 067/68/ BUS 574 Date: 2067-04-03,,,,,,,DOED
16,Upper Piluwa,10,Small (1-25),Piluwa,41,4/4/2069,,,,Upper PiluwaKhola Hydropower Company,"GPO Box: 11039, Kathmandu Tel: 4475234, 4474209, Fax 4474895","27o17' 00""","27o17' 58""","87o20' 55""","87o23' 45""",",Mawadin,Siddhakali,Chainpur,Madi Rambeni (Sankhuwasabha)",,,,,,,,,,DOED
17,Middle Tadi,5.5,Small (1-25),Tadi,1318,7/2/2069,,,,Dupcheswor Mahadev Hydro Co. Pvt. Ltd.,"New Baneswor Kathmandu, Phone 01-4780487","27o57' 30""","27o57' 54""","85o24' 04""","85o25' 00""","Dhyangphedi,Rautbesi,Shikharbesi (Nuwakot)",,,Survey Lic No: 425 Date: 2065-07-07,,,,,,,DOED
18,Balephi A,10.6,Small (1-25),Balephi,1376,7/17/2069,,,,Moonlight Hydropower Company Pvt. Ltd.,"Kamaladi, Kathmandu, Phone 01-4410160","27o50' 48""","27o51' 42""","85o45' 00""","85o46' 31""",(Sindhupalchok),,,Survey Lic No: 431 Date: 2065-07-20,,,,,,,DOED
19,Middle Bhotekoshi -1,40,Medium (25-100),Bhote Koshi,1727,8/21/2069,,,,Tara Energy Pvt. Ltd,,"27o53' 00""","27o54' 45""","85o54' 37""","85o55' 40""",(Sindhupalchok),,,,,,,,,,DOED
20,Madi-Bhorletar,10,Small (1-25),Madi,1768,8/25/2069,,,,Kalash Hydropower P. Ltd,"Sanobharyang, Kathmandu, Nepal.Ph: 9841515319","28o07' 30""","28o10' 21""","84o12' 30""","84o14' 04""",(Kaski),,,,,,,,,,DOED
21,Siddhi Khola,10,Small (1-25),Siddhi,1773,8/25/2069,,,,Lumbini Builders P. Ltd,"New Baneshwor, Kathmandu, Nepal. Ph: 4474930, 4464306","26o49' 39""","26o50' 43""","88o08' 00""","88o09' 50""","Samalpung,Jirmale (Ilam)",,,,,,,,,,DOED
22,Yambaling Khola,7.271,Small (1-25),Yambling,3713,9/2/2069,,,,Yamling Hydropower Pvt Ltd,"8461, Battisputali , Kathmandu Tel: 98511140280,014215238","27o56' 13""","27o57' 23""","85o47' 25""","85o00' 00""",(Sindhupalchok),,,,,,,,,,DOED
23,Sanigad,10.7,Small (1-25),Sanigad,2024,9/12/2069,,,,Sanigad Hydro P Ltd,"p. O. Box. 23330, Kathmandu, Phone 01-4212823, 4377462","29o35' 01""","29o40' 48""","80o48' 51""","80o51' 50""",(Bajhang),,,,,,,,,,DOED
24,Kalanga,15.33,Small (1-25),Kalanga,2026,9/12/2069,,,,Kalanga Hydropower P Ltd,"P.O.Box . 23330, Kathmandu, Phone 01-4212823, 4377462","29o30' 41""","29o35' 00""","80o50' 45""","80o54' 45""",(Bajhang),,,,,,,,,,DOED
25,Upper Kalangad,38.46,Medium (25-100),Kalanga,2025,9/12/2069,,,,Sani Gad Hydro pvt. Ltd,"p. O. Box. 23330, Kathmandu, Phone 01-4212823, 4377462","29o34' 43""","29o40' 00""","80o52' 30""","80o59' 24""","Dahabagar,Khiratadi (Bajhang)",,,,,,,,,,DOED
26,Devighat Cascade HPP,9.6,Small (1-25),Trishuli,2178,9/20/2069,,,,Devighat Hydropower Pvt Ltd,"GPO box: 9466Kathmandu, Tel: 01-4352329","27o51' 08""","27o53' 17""","85o05' 48""","85o08' 16""","Bidur N.P.,Charghare,Khadag Bhanjyang (Nuwakot)",,,Survey Lic No: 065/66 BUS460 Date: 2065-09-21,,,,,,,DOED
27,Middle Tamor,57,Medium (25-100),Tamor,,11/1/2069,,,,Tamor Sanima Energy Pvt. Ltd,"Chapali, Kathmandu, Nepal. P O Box 19737, Phone 9802001012","27o23' 57""","27o27' 09""","87o40' 18""","87o42' 40""",(Taplejung),,,Survey Lic No: 302 Date: 2064-11-02,,,,,,,DOED
28,Phalakhu Khola HPP,14.7,Small (1-25),Phalakhu,3267,12/6/2069,,,,Betrawati Hydroelectric Co. Ltd,"Kathmandu Municipality-32, Anannagar, Kathmandu, P.O.Box 8003, Phone 014216573","28o00' 15""","28o02' 10""","85o16' 10""","85o19' 00""","Saramthali,Yarsa (Rasuwa)",,,Survey Lic No: 592 Date: 2067-12-07,,,,,,,DOED
29,Uppper Khimti II,7,Small (1-25),Khimti,3410,12/15/2069,,,,Himalaya Energy Development Company Pvt. Ltd,G.P.O. Box: 10429 Ph: 4487794,"27o38' 20""","27o39' 55""","86o18' 10""","86o20' 10""",(Ramechhap),,,Survey Lic No: 317 Date: 2064-12-17,,,,,,,DOED
30,Kali Gandaki-Kowan,180,Large (100-500),Kali Gandaki,4017,1/20/2070,,,,Ambeswor Engineering Hydropower Pvt. Ltd,"P.O.Box 3839, Kathmandu, Phone - 014414675","28o36' 15""","28o40' 38""","83o35' 00""","83o40' 21""",(Mustang),,,Survey Lic No: 350 Date: 2065-02-26,,,,,,,DOED
31,Iwa Khola,9.9,Small (1-25),Iwa,4400,2/13/2070,,,,Rairang Hydropower Development Co Pvt Ltd,"GPO Box: 12268 , Katmandu","27o16' 30""","27o17' 20""","87o50' 05""","87o51' 54""",(Taplejung),,,Survey Lic No: 065/66 BUS 506 Date: 2066-02-14,,,,,,,DOED
32,Chauri Khola,5,Small (1-25),Chauri,4452,2/19/2070,,,,Chauri Hydropower P Ltd,"Baneshwor , KTM, Ph: 016634304","27o35' 33""","27o37' 22""","85o51' 49""","85o53' 22""",Goswara (Ramechhap),,,Survey Lic No: 607 Date: 2068-02-20,,,,,,,DOED
33,Tanchhahara SHP,2.4,Small (1-25),Tanchhahara,4462,2/19/2070,,,,Tanchhar Hydro Pvt. Ltd.,"P.O.Box 683, Bansabari Kathmandu","28o39' 51""","28o41' 14""","83o35' 00""","83o35' 59""",(Mustang),,,Survey Lic No: 342 Date: 2065-02-21,,,,,,,DOED
34,Daraundi-1,10,Small (1-25),Daraundi,4480,2/20/2070,,,,Diamond Hydropower Pvt. Ltd,"P.O.Box 8975, EPC 1617","28o03' 09""","28o06' 10""","84o38' 52""","84o40' 00""",(Gorkha),,,Survey Lic No: 349 Date: 2065-02-22,,,,,,,DOED
35,Ruru Banchu - 1,13.5,Small (1-25),Ruru Banchu,4552,2/26/2070,,,,Narayan Prasad Banjade,"P.O.Box 8003, Kathmandu","29o05' 32""","29o06' 37""","81o45' 54""","81o48' 56""",(Kalikot),,,Survey Lic No: 352 Date: 2065-02-26,,,,,,,DOED
36,Ruru Banchu Khola- 2,12,Small (1-25),Ruru Banchu,4554,2/26/2070,,,,Bharat Raj Sharma/ Ruru hydroelectric Co,"P.O.Box 8003, Kathmandu","29o05' 49""","29o06' 39""","81o45' 00""","81o45' 44""",(Kalikot),,,Survey Lic No: 353 Date: 2065-02-26,,,,,,,DOED
37,Taman Khola,4.85,Small (1-25),Taman,4622,2070-02-30,,,,Taman Khola Hydro Pvt. Ltd.,"P.O.Box. 3280, Kathmandu","28o20' 00""","28o21' 17""","83o10' 00""","83o11' 03""",(Baglung),,,Survey Lic No: 354 Date: 2065-03-02,,,,,,,DOED
38,Lower Likhu,28.1,Medium (25-100),Likhu,4662,3/2/2070,,,,Swaita Ganga Hydropower and Construction Pvt. Ltd.,"P.O.Box. 439, Naxal, Kathmandu, Phone 01-4415314, 4446442, Fax 01-44412777","27o22' 47""","27o25' 18""","86o13' 17""","86o14' 58""","Tarkerabari,Yasam,Gamanamatar (Okhaldhunga) Bijulikot,Gothgau (Ramechhap)",,,Survey Lic No: 357 Date: 2065-03-04,,,,,,,DOED
39,Upper Rahughat,48.5,Medium (25-100),Rahughat,4674,3/3/2070,,,,Tudi Power Company Pvt.Ltd,"P.O.Box 6341, Sanepa Lalitpur, Phone 01-5555573, 01-5555574","28o25' 46""","28o28' 30""","83o30' 00""","83o31' 50""",(Myagdi),,,Survey Lic No: 358 Date: 2065-03-05,,,,,,,DOED
40,Manang Marsyangdi,282,Large (100-500),Marsyangdi,4840,3/12/2070,,,,Manang Marsyangdi Hydropower Company Pvt.Ltd.,"P.O.Box 12566 Kathmandu, Phone 9803298663","28o31' 27""","28o33' 37""","84o15' 38""","84o20' 00""",(Manang),,,Survey Lic No: 363 Date: 2065-03-19,,,,,,,DOED
41,Upper Gaddi Gad,1.55,Small (1-25),Gaddigad,4855,3/13/2070,,,,Shaileshwari Power Nepal,"P.O.Box 23330, Kathmandu, Phone 01-4377462","29o16' 41""","29o17' 30""","81o03' 25""","81o05' 30""",(Doti),,,Survey Lic No: 360 Date: 2065-03-17,,,,,,,DOED
42,Upper Khudi,26,Medium (25-100),Khudi,4867,3/14/2070,,,,Gyanendra Lal Pradhan,"P.O.Box 19554, Kathmandu, Phone 01-4033750/51/52","28o18' 22""","28o21' 50""","84o18' 32""","85o20' 44""",(Lamjung),,,Survey Lic No: 359 Date: 2065-03-15,,,,,,,DOED
43,Lower Khorunga,5.5,Small (1-25),Khoranga,4870,3/14/2070,,,,IDS Energy Pvt. Ltd,P.O.Box 516 Khumaltar Lalitpur,"27o07' 30""","27o09' 21""","87o32' 30""","87o34' 32""",(Terhathum),,,Survey Lic No: 379 Date: 2065-04-16,,,,,,,DOED
44,Budhi Gandaki Kha,260,Large (100-500),Budhi Gandaki,4871,3/14/2070,,,,Naulo Nepal Hydroelectric Pvt.Ltd,"Panipokhari, Kathmandu, 014428299","28o07' 30""","28o13' 46""","84o50' 30""","84o53' 30""",(Gorkha),,,Survey Lic No: 367 Date: 2065-03-24,,,,,,,DOED
45,Budhi Gandaki Ka,130,Large (100-500),Budhi Gandaki,4874,3/16/2070,,,,Naulo Nepal Hydroelectric Pvt.Ltd,"Panipokhari, Kathmandu, 014428299","28o13' 46""","28o16' 55""","84o52' 00""","84o54' 30""",(Gorkha),,,Survey Lic No: 366 Date: 2065-03-24,,,,,,,DOED
46,Nyam Nyam,6,Small (1-25),Nyam Nyam,5068,3/27/2070,,,,Nyam Nyam HydroPower Company Pvt.Ltd.,Phone 01-4272383,"28o04' 15""","28o05' 10""","85o10' 46""","85o12' 40""",(Rasuwa),,,Survey Lic No: 374 Date: 2065-03-30,,,,,,,DOED
47,Upper Marsyangdi 1,138,Large (100-500),Marsyangdi,378,4/14/2070,,,,Upper Marsyangdi Hydropower Company Pvt. Ltd.,"P.O.Box 12566, Phone 9841419942","28o18' 50""","28o22' 47""","84o23' 30""","84o25' 00""",(Lamjung),,,Survey Lic No: 376 Date: 2065-04-15,,,,,,,DOED
48,Nisi Khola,3.5,Small (1-25),Nisi,553,4/27/2070,,,,Dhorpatan Jal Bidhyut Pvt. Ltd.,"P.O.Box 3280 Kathmandu, Phone 9851090749","28o19' 11""","28o20' 00""","83o07' 09""","83o09' 38""",(Baglung),,,Survey Lic No: 383 Date: 2065-04-28,,,,,,,DOED
49,Trishuli Galchhi,75,Medium (25-100),Trishuli,576,4/28/2070,,,,Siddhakali Power Pvt.Ltd,"P.O.Box 9106, Kathmandu, Phone 01-4115585, Fax 01-4447895","27o47' 52""","27o51' 48""","84o58' 20""","85o05' 47""",(Nuwakot),,,Survey Lic No: 390 Date: 2065-04-29,,,,,,,DOED
50,Ghatte Khola,5,Small (1-25),Ghatte,645,5/2/2070,,,,Mankamana Engineering HP,"P.O.Box. 4429, Kathmandu,4227646","27o46' 25""","27o47' 14""","86o17' 00""","86o18' 35""",(Dolakha),,,Survey Lic No: 392 Date: 2065-05-03,,,,,,,DOED
51,Nilgiri Khola,38,Medium (25-100),Nilgiri,692,5/4/2070,,,,Nilgiri Khola Hydropower Company Pvt. Ltd.,"Panipokhari, Kathmandu, Phone: 4437705, 4441648","28o34' 37""","28o36' 00""","83o40' 00""","83o43' 00""",(Myagdi),,,Survey Lic No: 393 Date: 2065-05-06,,,,,,,DOED
52,Upper Hewa HPP,8.5,Small (1-25),Hewa,730,5/10/2070,,,,Upper Hewa Khola Hydropower Company Pvt Ltd,"GPO Box: 14165, Kathmandu Tel: 6226073","27o19' 34""","27o20' 55""","87o20' 45""","87o22' 30""","Jaljala,Siddhapokhari (Sankhuwasabha)",,,Survey Lic No: 066/67 BUS 520 Date: 2066-05-14,,,,,,,DOED
53,Rahughat Mangale,37,Medium (25-100),Rahughat,1113,6/8/2070,,,,Tundi Power Company P.Ltd.,"Sanepa Lalitpur, P.O.Box. 6341, Phone 01-5555573, Fax 01-5555574","28o28' 30""","28o31' 50""","83o30' 00""","83o31' 32""","Pakhapani,Chimkhola,Kuinemangale (Myagdi)",,,Survey Lic No: 413 Date: 2065-06-15,,,,,,,DOED
54,Upper Balephi A,36,Medium (25-100),Balephi,1162,6/13/2070,,,,Huaning Development Pvt. Ltd.,"Koteshwor 35 Kathamndu; P.O.Box 23189 Kathmandu, Phone 9771 4602073","27o53' 45""","27o57' 00""","85o45' 30""","85o47' 40""","Golche,Pangtang,Dhumthang (Sindhupalchok)",,,Survey Lic No: 408 Date: 2065-06-15,,,,,,,DOED
55,Likhu Khola 'A',51,Medium (25-100),Likhu,1190,6/14/2070,,,,Numbur Himalaya Hydropower Pvt. Ltd,"P.O.Box 4286 Kathmandu, Phone 014478774","27o31' 19""","27o34' 02""","86o21' 30""","86o23' 05""",(Solukhumbu),,,Survey Lic No: 407 Date: 2065-06-15,,,,,,,DOED
56,Marsyangdi Besi,50,Medium (25-100),Marsyangdi,1285,6/22/2070,,,,Divyajyoti Hydropower Pvt. Ltd.,"Bagdol Lalitpur, P.O.Box 23311","28o12' 00""","28o16' 00""","84o21' 15""","84o24' 40""","Besisahar,Chandisthan,Bhulbhule,Gaunsahar,Bajhakhet,Hiletaxar (Lamjung)",,,Survey Lic No: 420 Date: 2065-06-30,,,,,,,DOED
57,Middle Sunkoshi,3.4,Small (1-25),Sun Koshi,1289,6/23/2070,,,,Lama Hydropower Pvt. Ltd.,"P.O.Box 8965 EPC 5518 Kathmandu, Phone 01-4429399","27o46' 46""","27o47' 23""","85o56' 02""","85o57' 48""",Choukati (Sindhupalchok),,,Survey Lic No: 422 Date: 2065-06-30,,,,,,,DOED
58,Ghar Khola,8.3,Small (1-25),Ghar,1702,8/14/2070,,,,Myagdi Hydropower Pvt. Ltd.,"Pardi Pokhara, Phone 061-463429","28o27' 30""","28o29' 30""","83o38' 00""","83o40' 00""",",Shikha (Myagdi)",,,Survey Lic No: 443 Date: 2065-08-18,,,,,,,DOED
59,Kaligandaki Upper,72.5,Medium (25-100),Kali Gandaki,1969,9/7/2070,,,,Tradelink Global P. Ltd,"Khichapokhari, Kathmandu. GPO : 5771 Ph : 424409","28o22' 31""","28o26' 03""","83o34' 39""","83o36' 23""",(Myagdi),,,Survey Lic No: 456 Date: 2065-09-18,,,,,,,DOED
60,Rukum gad,5,Small (1-25),Rukumgad,2756,10/28/2070,,,,Rapti Hydro and General Construction Pvt. Ltd.,"New Baneshor, Kathmandu, Phone 9841396470","28o35' 36""","28o38' 02""","82o37' 30""","82o39' 01""","Kanda,Sobha (Rukum)",,,Survey Lic No: 468 Date: 2065-10-29,,,,,,,DOED
61,Suri Khola,7,Small (1-25),Suri,2903,11/11/2070,,,,Suri Khola Hydropower Pvt Ltd,"GPO Box: 8941 , Katmandu","27o44' 10""","27o45' 14""","86o12' 50""","86o15' 10""",(Dolakha),,,Survey Lic No: 065/66 BUS 470 Date: 2065-11-20; Tailwater Level has been fixed for minimum 1111 amsl,,,,,,,DOED
62,Tila-1 Hydropower Project,440,Large (100-500),Tila,3018,11/22/2070,,,,S C Power Company P Ltd,"PO Box 23704, Kathamdu","29o06' 00""","29o08' 40""","81o35' 00""","81o44' 38""",(Kalikot),,,Survey Lic No: 065/66 BUS 492 Date: 2065-12-20,,,,,,,DOED
63,Tila-2 Hydropower Project,420,Large (100-500),Tila,3019,11/22/2070,,,,S C Power Company Pvt Ltd,"PO Box 23704, Kathamdu","29o06' 00""","29o10' 00""","81o44' 38""","81o52' 00""",Pakha (Kalikot),,,Survey Lic No: 065/66 BUS 493 Date: 2065-12-20,,,,,,,DOED
64,Makari gad,10,Small (1-25),Makari gad,3086,11/28/2070,,,,Hydrovision Company Pvt Ltd/Makarigad Hydropower Co.,"Buddisagar Marg, Panipokhari, Kathmandu - 2, Phone 01-4436051","29o46' 54""","29o48' 03""","80o50' 53""","80o52' 47""",",Guljar,Khandeswori (Darchula)",,,Survey Lic No: 481 Date: 2065-12-05,,,,,,,DOED
65,Istul Khola HPP,1.506,Small (1-25),Istul,4009,11/29/2070,,,,Amar Jyoti Hydropower Pvt Ltd,"Man Bhavan , Lalitpur -20, PO- 134,Tel: 01-5552175","28o04' 12""","28o05' 59""","84o45' 00""","84o46' 00""",Aarupokhari (Gorkha),,,Survey Lic No: 595 Date: 2067-11-30,,,,,,,DOED
66,Langtang Khola Small Hydropower Project,10,Small (1-25),Langtang,4044,11/30/2070,,,,Multi Energy Development Pvt. Ltd.,"P.O.Box 10242 Kathmandu 10, Phone 015012526","28o09' 05""","28o09' 49""","85o20' 34""","85o22' 15""",Syafru (Rasuwa),,,Survey Lic No: 0652 Date: 2069-12-09,,,,,,,DOED
67,Durbang Myagdi Khola,25,Small (1-25),Myagdi,3271,12/10/2070,,,,Dhaulagiri Kalika Hydropower P Ltd,,"28o23' 15""","28o26' 30""","83o22' 30""","83o26' 20""",(Myagdi),,,,,,,,,,DOED
68,Upper Nyasim Khola,43,Medium (25-100),Nyasim,3536,12/27/2070,,,,Sindhujwala Hydropower P. Ltd,"Shantinagar, Kathamndu, ph : 6916485","27o59' 30""","28o02' 00""","85o48' 00""","85o50' 30""",(Sindhupalchok),,,Survey Lic No: 065/66 BUS 495 Date: 2065-12-28,,,,,,,DOED
69,Upper Piluwa Khola-2 SHP,4.72,Small (1-25),Piluwa,3653,1/8/2071,,,,"Menchhiyam Hydropower P Ltd. Itahari,Sunsari,9841521159","Mawadin VDC-1, Sankhuwasabha / Change VDC-4, Taplejung, Tel: 9841521159","27o17' 40""","27o18' 01""","87o23' 18""","87o24' 21""","Mawadin,Siddhakali (Sankhuwasabha)",,,Survey Lic No: 550 Date: 2067-01-10,,,,,,,DOED
70,Lower Manang Marsyangdi,140,Large (100-500),Marsyangdi,3770,1/16/2071,,,,Butawal Power Company,"Budhanagar, Kathmandu Tel: 4781776,4785295","28o30' 00""","28o32' 30""","84o20' 00""","84o21' 55""",(Manang),,,Survey Lic No: 065/66 BUS 504 Date: 2066-02-11,,,,,,,DOED
71,Tame Khola SHP,1.25,Small (1-25),Tame,3809,1/21/2071,,,,Jwala Sajhedari Hydropower Co. P. Ltd.,"KMC-14, Kalanki, Kathmandu, 9841505711, 9748019542","28o52' 00""","28o53' 52""","81o46' 08""","81o46' 36""",Narayan (Dailekh),,,Survey Lic No: 654 Date: 2070-01-23,,,,,,,DOED
72,Theule Khola HPP,1.5,Small (1-25),Theule,3851,1/23/2071,,,,Barahi Hydropower Pvt Ltd,"Lakeside Pokhra-6, Tel: 061-520872,01-55209652","28o10' 20""","28o11' 10""","83o36' 30""","83o38' 25""","Kusmi,Binamare,Sarkuwa (Baglung)",,,Survey Lic No: 658 Date: 2070-02-06,,,,,,,DOED
73,Seti Khola HPP,3.5,Small (1-25),Seti Khola,4881,3/29/2071,,,,Parbat Paiyu Khola Hydropower Company,"Head Office ,Kathmandu Tel: 2093013, Fax: 4385668","28o00' 30""","28o02' 30""","83o36' 00""","83o37' 30""",Shivalaya (Parbat),,,Survey Lic No: 065/66 BUS 0513 Date: 2066-03-30,,,,,,,DOED
74,Sanjen Khola,78,Medium (25-100),Sanjen,546,4/29/2071,,,,Sala Sungi P Ltd,"Kathmandu, Phone 01-4440433","28o14' 26""","28o17' 11""","85o15' 00""","85o18' 21""",Chilime (Rasuwa),,,Survey Lic No: 518 Date: 2066-05-02,,,,,,,DOED
75,Middle Tara Khola SHP,1.7,Small (1-25),Tara,570,4/30/2071,,,,Pahadi Hydropower Company Pvt. Ltd.,"Baglung-2, Phone No. : 068-520221, 9747628615","28o19' 11""","28o19' 44""","83o22' 59""","83o24' 15""",Tara (Baglung),,,Survey Lic No: 634 Date: 2069-04-32,,,,,,,DOED
76,Upper Chirkuwa Khola,5,Small (1-25),Chirkhuwa,1109,6/8/2071,,,,Chirkhuwa Hydropower Company Pvt td,"GPO Box: 5565 , Katmandu","27o21' 23""","27o22' 30""","87o04' 48""","87o06' 32""",(Bhojpur),,,Survey Lic No: 582 Date: 2067-06-11,,,,,,,DOED
77,Lapche Khola,160,Large (100-500),Lapche,1188,6/23/2071,,,,Nasa Hydropower Company P Ltd,"Lal Colony Marg 128, Kathmandu, PO Box: 485","27o58' 00""","28o02' 58""","86o10' 00""","86o13' 40""",(Dolakha),,,Survey Lic No: 066/67 BUS 521 Date: 2066-06-26,,,,,,,DOED
78,Super Trishuli,100,Medium (25-100),Trishuli,1930,8/14/2071,,,,Blue Energy Pvt. Ltd,"GPO Box: 9609, Kathmandu, Nepal. Tel : 4497505","27o48' 41""","27o52' 56""","84o34' 00""","84o41' 06""","Darechauk (Chitawan) Jogimara (Dhading) Makaising,Tanglichok,Bhumlichok,Ghyalchok,Taklung,Manakamana (Gorkha)",,,Survey Lic No: 066/67 BUS 532 Date: 2066-08-26,,,,,,,DOED
79,Phalakhu Khola HPP,5,Small (1-25),Phalakhu,847,8/21/2071,,,,Rasuwa Hydropower Company Pvt Ltd,"GPO Box: 8003, Kathmandu,Tel; 4880041","27o58' 09""","28o00' 10""","85o15' 17""","85o16' 09""","Bhorle,Saramthali (Rasuwa)",,,Survey Lic No: 531 Date: 2066-08-25,,,,,,,DOED
80,Lower Chirkhuwa,4.06,Small (1-25),Chirkhuwa,2099,8/24/2071,,,,Chirkhuwa Hydropowerr Pvt. Ltd.,"P.O.Box 5565, Kathmandu, Phone 01-4770297","27o22' 00""","27o23' 31""","87o06' 32""","87o08' 30""","Mulpani,Nepaledada (Bhojpur)",,,Survey Lic No: 534 Date: 2066-08-25,,,,,,,DOED
81,Rudi Khola-B Hydropower Project,6.6,Small (1-25),Rudi,2519,9/25/2071,,,,Bindhyabasini Hydropower Development Co. Pvt Ltd,"Pokhra-8, Kaski, PO Box: 57, Tel; 977-61-30007, Fax: 977-61-30007","28o16' 39""","28o17' 55""","84o11' 00""","84o13' 00""",Mijuredada (Kaski) Pasagaun (Lamjung),,,Survey Lic No: 646 Date: 2069-09-26 difference in co ordinate compared to survey license,,,,,,,DOED
82,Rele Khola,6,Small (1-25),Rele,2930,10/18/2071,,,,Hym Consult,"PO Box: 11444 Kathmandu, Ph 4474187","28o30' 00""","28o32' 00""","83o40' 43""","83o42' 30""",(Myagdi),,,Survey Lic No: 618 Date: 2068-11-12,,,,,,,DOED