S No,Project,Capacity (MW),Project Size,River,Application No,Application Date,License No,Issue Date,Validity,Promoter,Address,Latitiude N,,Longitude E,,VDC/District,Commercial Operation Year,Commercial Operation Date,Remarks,Wki Link,Website,EIA/SIA Report,Annual Report,Othe Documents/Links,Images,Data Source
1,Chameliya Khola,30,Medium (25-100),Chameliya,,,20,9/4/2063,9/3/2098,Nepal Electricity Authority,,"29o41' 00""","29o44' 00""","80o38' 00""","80o45' 00""","Latinath,Seri,Sikhar (Darchula)",,,,,,,,,,DOED
2,Kule Khani Third,14,Small (1-25),Kulekhani,,,24,12/17/2064,12/16/2099,Nepal Electricity Authority,,"27o27' 30""","27o31' 00""","85o01' 30""","85o03' 30""",Bhaise (Makawanpur),,,,,,,,,,DOED
3,Upper Madi,20,Small (1-25),Madi,,,35,1/27/2067,1/26/2102,"Madi Power Pvt Ltd.,","GPO Box 2581, Gorakha Complex Minbhawan, Phone 01-4106507, 4106729, 4106731, Fax 01-4106640","28o15' 37""","28o17' 56""","84o04' 00""","84o07' 00""","Namarjung,Thumakodada,Sildujure (Kaski)",,,,,,,,,,DOED
4,Upper Mai Hydropower Project,9.98,Small (1-25),Mai,,,36,4/23/2067,4/22/2102,Mai Valley Hydropower P Ltd.,"Lalitpur - 3, Bakhundol , Pulchowk, Lalitpur, POB 24194, Ph 015010631,5010632","27o01' 22""","27o03' 30""","87o56' 30""","87o58' 00""","Mabu,Maimajhuwa (Ilam)",,,,,,,,,,DOED
5,Mai,22,Small (1-25),Mai,,,37,5/13/2067,5/12/2102,Sanima Mai Hydropower Limited,"GPO 19737, Ph: 44445952, 444642 Fax:4425953","26o47' 21""","26o50' 00""","87o52' 00""","87o55' 00""",(Ilam),,,,http://en.wikipedia.org/wiki/Mai_Hydropower_Station ,http://www.maihydro.com/,,,http://www.maihydro.com/publications/Monthly%20Progress%20Report%20of%20october2014.pdf ,http://i2.wp.com/www.nepalenergyforum.com/wp-content/uploads/2015/02/sanima_Mai_hydro_bird_eye_view.jpg ,DOED
6,Lower Modi Khola,20,Small (1-25),Modi,,,38,5/21/2067,5/20/2102,Manang Trade Links Pvt . Ltd,"Naxal Sanogaucharan, Tel: 4441131, Fax: 4441973","28o14' 08""","28o16' 18""","83o42' 30""","83o44' 43""",(Parbat),,,,,,,,,,DOED
7,Phawa khola Hydropower Project,5,Small (1-25),Phawa,,,39,6/19/2067,6/18/2102,Shiwani Hydropower Company,"Baneshwor, Kathamandu - 10, Ph. 4466405, Fax: 4460137","27o16' 37""","27o19' 03""","87o45' 27""","87o46' 22""","Dummrise,Chaksibote,Thechambu (Taplejung)",,,,,,,,,,DOED
8,Upper Tamakoshi HPP,456,Large (100-500),Tamakoshi,,,41,8/17/2067,8/16/2102,Upper Tamakoshi Hydropower Limited,"Kathmandu,GPO Box: 26070 , Tel: 4420295, Fax: 4412569","27o49' 00""","27o58' 00""","86o10' 00""","86o16' 00""","Bulung,Gauri Sankar,Khare,Lamabagar,Sunakhani,Sundrawati (Dolakha)",,,,,http://www.tamakoshihydro.org.np/,http://www.snpower.com.np/docs/eng/TA3_EIA_Executive_Summary.pdf,http://utkhpl.org.np/ck/filemanager/userfiles/pdf/NEA_Annual_Report_2011.pdf,,,DOED
9,Upper Trishuli 3A,60,Medium (25-100),Trishuli,,,43,11/15/2067,11/14/2102,Nepal Electricity Authority,"Durbar Marg , Kathmandu","28o01' 21""","28o04' 14""","85o11' 16""","85o12' 38""",(Rasuwa),,,,,,,,·         http://www.nepalenergyforum.com/upper-trishuli-3a-in-supreme-court/,,DOED
10,Jiri Khola SHP,2.4,Small (1-25),Jiri,,,42,11/17/2067,11/16/2102,Bojini Company (P.) Ltd,"Buddhanagar, Kathmandu. G.P.O Box: 8974, 4783532,4782765","27o35' 06""","27o36' 45""","86o13' 24""","86o14' 00""",(Dolakha),,,,,,,,,,DOED
11,Pikhuwa Khola,2.5,Small (1-25),Pikhuwa,,,45,12/7/2067,12/6/2102,Eastern Hydropower P Ltd,"Kathmandu, Phone 01-4495459","27o08' 38""","27o10' 33""","87o00' 41""","87o02' 03""",(Bhojpur),,,,,,,,,,DOED
12,Khani Khola - 1,40,Medium (25-100),Khani,,,46,1/28/2068,1/27/2103,"Green Life Energy Pvt.Ltd,Sirin Bhawan, Lalitpur-1, Kupakdole","P.O.Box 3970, Kathmandu, Phone 01-5010712,Fax- 5010694","27o47' 48""","27o50' 28""","86o20' 00""","86o22' 00""",(Dolakha),,,,,,,,,,DOED
13,Dordi Khola,27,Medium (25-100),Dordi,,,48,3/23/2068,3/22/2103,Himalaya Power Partner Pvt. Ltd,"POB 8975 EPC 4205 Marajaganj,Kathmandu,nepal Phoneand Fax: 4375874","28o10' 00""","28o13' 32""","84o26' 00""","84o28' 30""",(Lamjung),,,,,,,,,,DOED
14,Rahughat,32,Medium (25-100),Rahughat,,,49,4/3/2068,4/2/2103,Nepal Electricity Authority,,"28o22' 21""","28o25' 45""","83o31' 13""","83o34' 15""",Jhin (Myagdi),,,,,,,,,,DOED
15,Tadi Khola,5,Small (1-25),Tadi,,,51,6/4/2068,6/3/2103,Hiraratna hydropower Pvt. Ltd,"Kalopul,Kathmandu -5, POB : 21650, Ph no. 01-4220127, Fax 4226330","27o56' 04""","27o57' 30""","85o22' 53""","85o24' 05""",(Nuwakot),,,,,,,,,,DOED
16,Jumdi Khola Small,1.75,Small (1-25),Jumdi,,,52,7/7/2068,7/6/2103,"Jumdi Hydropower Pvt. Ltd.,","Old Baneshwor, Kathmandu-34, Mobile: 9841662955","28o01' 25""","28o02' 44""","83o26' 46""","83o27' 30""",(Gulmi),,,,,,,,,,DOED
17,Mristi Khola,42,Medium (25-100),Mristi,,,53,7/20/2068,7/19/2103,Robust Energy Pvt. Ltd.,"Thamel, Kathmandu-29, Nepal POB 3839, Phone:203334, Fax:4499898","28o30' 00""","28o32' 17""","83o39' 10""","83o40' 42""",(Myagdi),,,,,,,,,,DOED
18,Sanjen,42.5,Medium (25-100),Sanjen,,,55,8/12/2068,8/11/2103,Sanjen Jalvidyut Co.,"P.O.Box 25210, Gyaneswor,Kathmandu, Phone 01-4443077, Fax 01- 4443076","28o11' 00""","28o13' 00""","85o16' 30""","85o18' 15""",Chilime (Rasuwa),,,,,,,,,,DOED
19,Upper Mailung -A,5,Small (1-25),Mailung,,,56,9/11/2068,9/10/2103,Energy Engineering Pvt. Ltd,"PO Box 9292,Ph 4915225","28o09' 45""","28o12' 30""","85o11' 00""","85o14' 00""",(Rasuwa),,,,,,,,,,DOED
20,Third Trishuli Nadi,20.1,Small (1-25),Trishuli,,,57,9/28/2068,9/27/2103,Stef Energy Trishuli Thrird Hydropower Company Pvt. Ltd,"Ph 4480656, Fax: 4461784","27o48' 07""","27o49' 25""","84o47' 12""","84o50' 00""",(Dhading),,,,,,,,,,DOED
21,Upper Chaku A,22.2,Small (1-25),Chaku,,,58,11/12/2068,11/11/2103,Shiva Sri Hydropower Pvt. Ltd,"P.O.Box 13860 Kathmandu, Phone 01-4466330,","27o51' 31""","27o52' 31""","85o56' 00""","85o58' 06""",(Sindhupalchok),,,,,,,,,,DOED
22,Likhu-4,120,Large (100-500),Likhu,,,59,11/28/2068,11/27/2098,Green Ventures Pvt. Ltd,"P.O.Box 772, Triveni Complex Putalisadak kathmandu, Ph 5544736","27o25' 50""","27o29' 09""","86o15' 00""","86o20' 00""","Ragani,Pokli (Okhaldhunga) Saibu,Bijulikot,Naga Daha,Tilpung (Ramechhap)",,,,,,,,,,DOED
23,Upper Marsyangdi A,50,Medium (25-100),Marsyangdi,,,60,12/17/2068,12/16/2103,Sinohydro-Sagarmatha Power Company Pvt Ltd,"Sanepa , Lalitpur","28o17' 07""","28o19' 28""","84o21' 55""","84o24' 10""","Bhulbhule,Bahundada,Khudi (Lamjung)",,,,,,,,,,DOED
24,Thapa Khola,11.2,Small (1-25),Thapa,,,61,1/26/2069,1/25/2104,Mount Kailash Energy Co. Pvt. Ltd,"Tupche -3, Nuwakot ,Tel: 9841832093","28o42' 32""","28o44' 30""","83o36' 44""","83o38' 52""",(Mustang),,,,,,,,,,DOED
25,Daraundi A,6,Small (1-25),Daraundi,,,62,2/16/2069,2/15/2104,Daraundi Kalika Hydro,"Samakhusi, Kathmandu, Nepal. Ph: 4360076","28o06' 29""","28o08' 13""","84o39' 43""","84o41' 33""",(Gorkha),,,,,,,,,,DOED
26,Jhyari Khola,2,Small (1-25),Jhyari,,,63,2069-02-30,2/29/2104,"Electrocom and Research Centre, 9851003846","Baneshwor, Kathamandu - 10, Ph. 9851003846,9751000944","27o44' 30""","27o46' 35""","85o40' 15""","85o41' 02""","Pipaldanda,Sanusiruwari,Kunchok,Bhotsipa (Sindhupalchok)",,,,,,,,,,DOED
27,Lower Khare,11,Small (1-25),Khare,,,64,3/19/2069,3/18/2104,Universal Power Company P. Ltd,"Thapathali KTM, POB : 13961, Ph no: 014261827, 4252216","27o45' 00""","27o45' 43""","86o11' 35""","86o13' 52""",(Dolakha),,,,,,,,,,DOED
28,Naugadh Gad,8.5,Small (1-25),Naugad,,,65,3/31/2069,3/30/2104,Api Power Company Pvt. Ltd,"Dillibajar Kathmandu,Phone 4417136,4433252 Fax 4421114","29o41' 15""","29o43' 08""","80o36' 15""","80o36' 38""",(Darchula),,,,,,,,,,DOED
29,Upper Hugdi,5,Small (1-25),Hugdi,,,67,4/30/2069,4/29/2104,Ruru Jalbidyut Pariyojana Pvt. Ltd,"P.O. Box 8416, Samakhusi, Kathmandu-29, Nepal, Phone: 01-4389703, 4357563 Fax :01-4357563","28o05' 00""","28o06' 12""","83o23' 17""","83o25' 17""",(Gulmi),,,,,,,,,,DOED
30,Midim Khola,3,Small (1-25),Midim,,,68,5/6/2069,5/5/2104,Union Hydropower P.Ltd,"P.O.B. No: 12637, Ph: 01-5543850","28o10' 53""","28o12' 00""","84o16' 42""","84o17' 30""",Karapu (Lamjung),,,,,,,,,,DOED
31,Upper Sanjen,14.8,Small (1-25),Sanjen,,,69,5/7/2069,5/6/2104,Sanjen Jalvidhyut Co,"Das Tower Lazimpat, Kathmandu, 01-4002049, Fax 4443077","28o13' 00""","28o14' 25""","85o16' 30""","85o18' 15""",Chilime (Rasuwa),,,,,,,,,,DOED
32,Kabeli-A,37.6,Medium (25-100),Kabeli,,,70,5/21/2069,5/20/2104,Kabeli Energy Limited,"Budhanagar, GPO Box: 11728, Kathmandu Tel: 4781776","27o13' 41""","27o17' 32""","87o40' 55""","87o45' 50""","Ambarpur,Panchami (Panchthar) Thechambu (Taplejung)",,,,,http://www.kel.com.np/,http://www.bpc.com.np/pictures/disclosure/EIA-report.pdf ,,https://www.google.com.np/search?q=kabeli+A+photos&biw=1366&bih=623&tbm=isch&imgil=C8YgpxMdm5Wi6M%253A%253B33wcxN7oUeJNsM%253Bhttp%25253A%25252F%25252Fwww.bpc.com.np%25252Findex.php%25253Foption%2525253Dcom_photo%25252526task%2525253Dalbum&source=iu&pf=m&fir=C8YgpxMdm5Wi6M%253A%252C33wcxN7oUeJNsM%252C_&usg=__rExAMx1mn-zZxL3FsTF2-ptkEZU%3D&ved=0CDIQyjc&ei=mhcRVeXyCsTtmQW-9ILQDA#imgrc=C8YgpxMdm5Wi6M%253A%3B33wcxN7oUeJNsM%3Bhttp%253A%252F%252Fwww.bpc.com.np%252Fpictures%252Fgallery%252F2d__Kabeli_A_Project_Site_for_38_MW_.jpg%3Bhttp%253A%252F%252Fwww.bpc.com.np%252Findex.php%253Foption%253Dcom_photo%2526task%253Dalbum%3B849%3B565,,DOED
33,Mai Cascade,7,Small (1-25),Mai,,,72,7/15/2069,7/14/2104,Sanima Mai Hydropower Limited,"Narananchaur, Naksal Kathmandu, P. O. Box 19737, Phone 01-4446442, Fax 01-4441277","26o45' 43""","26o47' 21""","87o52' 02""","87o53' 09""",(Ilam),,,,,,,,,,DOED
34,Hewa Khola A,14.9,Small (1-25),Hewa,,,74,8/21/2069,8/20/2104,Panchthar Power Company Pvt. Ltd.,"Hativan 15, Lalitpur, Phone 01-5251003 fax 5251004","27o10' 09""","27o11' 33""","87o47' 30""","87o50' 58""","Bharapa,Nangeen,Yanganam (Panchthar)",,,,,,,,,,DOED
35,Rasuwagadhi,111,Large (100-500),Bhote koshi,,,75,8/21/2069,8/20/2104,Rasuwagadhi H P,"Gyaneswor Kathmandu, P.O.Box 25210, Phone 014439163, 014439284","28o14' 05""","28o16' 03""","85o21' 22""","85o23' 03""","Thuman,Timure (Rasuwa)",,,,,http://www.rghpcl.com.np/,,http://www.chilime.com.np/images/supportive_docs/Annual-Report-10-11.pdf,,,DOED
36,Upper Khimti,12,Small (1-25),Khimti,,,77,9/3/2069,9/2/2104,Himalaya Urja Bikas Co. Pvt. Ltd.,"Balkot-2 Bhaktapur, Phone 016632822","27o39' 24""","27o41' 54""","86o19' 20""","86o21' 40""",(Ramechhap),,,,,,,,,,DOED
37,Namarjun Madi,12,Small (1-25),Madi,,,78,9/11/2069,9/10/2104,Himalayan Hydropower Pvt.Ltd,"P.O. Box No.: 20225, Lazimpat, Kathmandu, Phone: 01-4441216, Fax: 01-4441217","28o17' 56""","28o19' 00""","84o05' 00""","84o06' 08""",(Kaski),,,,,,,,,,DOED
38,Junbeshi,5.2,Small (1-25),Junbeshi,,,80,9/20/2069,9/19/2104,Dobhan Hydropower Pvt.Ltd.,"Tinkune, Koteswor, Kathmandu, P.O.Box 23746, Phone 01-4486911","27o33' 15""","27o35' 08""","86o32' 40""","86o34' 29""",(Solukhumbu),,,,,,,,,,DOED
39,Sabha Khola,3.3,Small (1-25),Sabha,,,81,10/4/2069,10/3/2104,Dibyaswari Hydropower P Ltd,"Purano Baneswor, Kathmandu, Phone 014461326,","27o23' 19""","27o24' 13""","87o16' 23""","87o17' 35""",Dhupu (Sankhuwasabha),,,,,,,,,,DOED
40,Dordi-1,10.3,Small (1-25),Dordi,,,82,10/12/2069,10/11/2104,Dordi Khola Jalvidyut Company Limited,"Tripushwor, Kathmandu, P.O. Box: 20290, Ph:4232748, 4232749, Fax: 4232750","28o13' 33""","28o15' 11""","84o26' 55""","84o28' 45""",(Lamjung),,,,,,,,,,DOED
41,Nyadi Khola,30,Medium (25-100),Nyadi,,,83,11/3/2069,11/2/2104,Nyadi Hydropower Limited,"P.O.Box. 11728, Kathmandu, Phone 01-4781776, 4784026, Fax 01-4780994","28o19' 20""","28o21' 07""","84o25' 25""","84o28' 00""","Bahundada,Bhulbhule (Lamjung)",,,,,,,,,,DOED
42,Tungun - Thosne Khola,4.36,Small (1-25),Tugun,,,84,11/3/2069,11/2/2104,Khani Khola Hydropower Company Ltd,"Baluwatar Kathmandu, P.O.Box 8975,Ph 01-4417219","27o29' 15""","27o29' 50""","85o18' 20""","85o19' 53""",(Lalitpur),,,Survey Lic No: 309 Date: 2064-11-28,,,,,,,DOED
43,Khani Khola,2,Small (1-25),Khani,,,85,11/3/2069,11/2/2104,Khani Khola Hydropower Company Ltd,"Baluwatar Kathmandu, P.O.Box 8975,Ph 01-4417220","27o29' 10""","27o29' 44""","85o17' 02""","85o18' 20""",(Lalitpur),,,Survey Lic No: 310 Date: 2064-11-28,,,,,,,DOED
44,Lower Tadi,4.993,Small (1-25),Tadi,,,88,12/27/2069,12/26/2104,Buddha Bhumi Nepal Hydropower Co. Pvt. ltd.,"Kantipath Kathmandu, Phone 01-4248228, Fax 01-4244474","27o55' 05""","27o55' 40""","85o21' 08""","85o22' 50""","Balkumari,Samundratar,Sundaradevi,Thaprek (Nuwakot)",,,,,,,,,,DOED
45,Jogmai Khola,7.6,Small (1-25),Jogmai,,,86,12/29/2069,12/28/2104,Sanvi Energy Pvt. Ltd.,"G.P. O. Box 8975, EPC 1341 KTM , Pulchok Lalitpur, Phone 5532860","26o54' 40""","26o55' 24""","88o01' 09""","88o03' 20""",",Namsaling,Naya Bazar,Panchakanya,Phikal Bazar (Ilam)",,,,,,,,,,DOED
46,Khorunga Khola,4.8,Small (1-25),Khoranga,,,87,12/29/2069,12/28/2104,Reliable Hydropower Company. P. Ltd,"P.O. Box: 516 , Khumaltar, Lalitpur, Nepal. Ph: 5550505","27o09' 22""","27o11' 09""","87o32' 03""","87o33' 20""","Ambung,Oyabjung (Terhathum)",,,,,,,,,,DOED
47,Daram Khola-A,2.5,Small (1-25),Daram,,,89,2/2/2070,2/1/2105,Sayapatri Hydropower Pvt. Ltd.,"Gongabu-29 Kathmandu, Phone 01-4364009","28o16' 45""","28o17' 52""","83o24' 30""","83o25' 27""",(Baglung),,,,,,,,,,DOED
48,Upper Puwa-1,3,Small (1-25),Puwa,,,90,2/6/2070,2/5/2105,Joshi Hydropower Co. P. Ltd,"Newbaneswor, KathmanduTel: 01-4115787","26o59' 47""","27o00' 50""","87o52' 50""","87o54' 10""",(Ilam),,,,,,,,,,DOED
49,Gelun Khola HPP,3.2,Small (1-25),Gelun,,,Bi. U. 091,2/6/2070,2/5/2105,Gelun Khola Hydropower Company Pvt Ltd,"Baneswar, Kathmandu Tel: 4492150","27o49' 30""","27o50' 40""","85o46' 30""","85o49' 15""","Baramchi,Hagam,Jalbire (Sindhupalchok)",,,,,,,,,,DOED
50,Khani Khola (Dolakha),30,Medium (25-100),Khani,,,92,2/10/2070,2/9/2105,Sasha Engineering Hydropower P. Ltd,"Kuleshwor, P. O. Box: 8856, Kathmandu, Nepal. Ph: 4227646, 4220842, Mobile No.: 9851020234","27o46' 59""","27o49' 09""","86o17' 20""","86o19' 30""",(Dolakha),,,,,,,,,,DOED
51,Middle Modi,15.1,Small (1-25),Modi,,,93,3/7/2070,3/6/2105,Middle Modi Hydropower Limited,"P.O.Box: 12268, Nepal. Ph:4038030, Fax:4038026","28o17' 20""","28o18' 29""","83o45' 00""","83o47' 08""",(Parbat),,,,,,,,,,DOED
52,Sardi Khola,4,Small (1-25),Sardi,,,94,3/13/2070,3/12/2105,Mandakini Hydropower Pvt. Ltd.,"Baneswor Kathmandu, P.O.Box 7327, Phone 01-4461574","28o20' 00""","28o22' 00""","83o58' 30""","84o01' 45""",(Kaski),,,Survey Lic No: 603 Date: 2068-02-20,,,,,,,DOED
53,Upper Mai -C,6.1,Small (1-25),Mai,,,95,3/21/2070,3/20/2105,"Mai Valley Hydropower P.L.,","P.O.Box 24194, Phone 01-5010631, Lalitpur Kathmandu","27o00' 00""","27o01' 21""","87o57' 37""","87o58' 09""",",Mabu,Sulubung (Ilam)",,,,,,,,,,DOED
54,Kabeli B - 1,25,Small (1-25),Kabeli,,,98,3/28/2070,3/27/2105,Arun Kabeli Power Limited.,"Baneshwor, Ktm, P.O. Box: 11039, Ph: 01-4109801, 4475234, Fax: 4474895","27o16' 23""","27o17' 13""","87o47' 00""","87o50' 10""",(Panchthar),,,,,,,,,,DOED
55,Lower Hewa,21.6,Small (1-25),Hewa,,,99,4/9/2070,4/8/2105,Mountain Hydro Nepal (P.) Ltd,"P.O. Box: 3970, New Baneshwor, Kathmandu, Nepal. Ph: 015525184, 4299844, Fax 01-5525184","27o09' 02""","27o10' 10""","87o44' 15""","87o46' 31""",(Panchthar),,,,,,,,,,DOED
56,Middle Midim,3.1,Small (1-25),Midim,,,100,4/10/2070,4/9/2105,Madhya Midim Jalvidhyut Company Pvt. Ltd.,"Dhapasi-7, Tirlingtar, Kathmandu, Phone 01-4386514","28o12' 16""","28o14' 10""","84o15' 45""","84o17' 08""",(Lamjung),,,Survey Lic No: 394 Date: 2065-05-06,,,,,,,DOED
57,Mai Cascade HPP,8,Small (1-25),Mai,,,101,4/15/2070,4/14/2105,Himal Dolkha Hydropower Company Pvt Ltd,"Baneswar, Kathmandu Tel: 9851085922,2043191","26o50' 50""","26o52' 36""","87o54' 43""","87o56' 11""","Goduk,Chisapani,Ilam N.P.,Soyak (Ilam)",,,Survey Lic No: 590 Date: 2067-11-26,,,,,,,DOED
58,Upper Trishuli 3B,37,Medium (25-100),Trishuli,,,104,4/27/2070,4/26/2105,Nepal Electricity Authority,,"27o59' 12""","28o01' 21""","85o10' 11""","85o12' 01""",(Nuwakot),,,,,,,,,,DOED
59,Parajuli Khola-1,2.15,Small (1-25),Parajuli,,,102,5/3/2070,5/2/2105,Rara Hydropower Development Co.,"Sitapaila - 2, kathmandu, Ph: 01-4033016, 9841209736","28o41' 39""","28o43' 14""","81o41' 09""","81o43' 45""",(Dailekh),,,,,,,,,,DOED
60,Chhandi Khola,1.7,Small (1-25),Chhandi,,,103,5/24/2070,5/23/2105,Chhyandi Hydropower Co. P. Ltd,"Ph: 016205090, 9851068697","28o15' 12""","28o16' 48""","84o28' 08""","84o29' 20""",(Lamjung),,,,,,,,,,DOED
61,Lohare Khola,4.2,Small (1-25),Lohore,,,105,6/8/2070,6/7/2105,"Lohare Khola Hydropower Co. P. L.,","Anamnagar, Kathmandu, POBox 5558, Phone 9841461609","28o53' 43""","28o55' 00""","81o47' 16""","81o49' 22""","Baluwatar,Nomule,Salleri,Toli (Dailekh)",,,Survey Lic No: 537 Date: 2066-12-22,,,,,,,DOED
62,Puwa Khola-1,5,Small (1-25),Puwa,,,106,6/21/2070,6/20/2105,Puwa Khola - 1 Hydropower Pvt. Ltd,"PO Bpx 20762 Baluwatar Nepal. Ph: 4410057, 9851129708","26o54' 50""","26o56' 50""","87o53' 46""","87o55' 00""","Shantidanda,Barbote,Ilam N.P. (Ilam)",,,,,,,,,,DOED
63,Salankhu Khola,2.5,Small (1-25),Salankhu,,,70/71BU 107,7/5/2070,7/4/2105,Salankhu Khola Hydropower P. Ltd.,"Samakhusi Town Planning-29, Kathmandu; GPO Box.: 8974; CPC Box : 044; Ph: 4390239, 4390240; email: salakhukhola@gmail.co","27o59' 00""","27o59' 30""","85o07' 30""","85o10' 00""",(Nuwakot),,,Survey Lic No: 065/66/ BUS 482 Date: 2065-12-05,,,,,,,DOED
64,Madhya Bhotekoshi,102,Large (100-500),Bhote koshi,,,108,8/18/2070,8/17/2105,Madhya Bhotekoshi Jalbidyut Company Ltd.,"Maharajganj Kathmandu, P.O.Box. 23599, Phone 01-4721641, 4721642, Fax 01-4721643","27o49' 08""","27o53' 00""","85o51' 49""","85o54' 43""","Maneswor,Marbin,Listi (Sindhupalchok)",,,Survey Lic No: 599 Date: 2067-12-25,,,,,,,DOED
65,Rudi A,6.8,Small (1-25),Rudi,,,109,9/12/2070,9/11/2105,Bindhabasini Hydropower Developmwnt Company Pvt.Ltd,"P.O.Box.10242, Newbaneswor, Kathmandu, phone 4781891, Fax 4785671","28o13' 51""","28o16' 20""","84o11' 00""","84o13' 00""",(Kaski),,,Survey Lic No: 365 Date: 2065-03-20,,,,,,,DOED
66,Ghalemdi Khola,4,Small (1-25),Ghalemdi,,,110,9/14/2070,9/13/2105,Ghalemdi Hydro Limited,"P.O.Box 9560, Banasthatli, Kathmandu; Tel. 014362520; 69521079; ghalemdi@gmail.com","28o31' 30""","28o32' 30""","83o40' 30""","83o42' 00""",(Myagdi),,,Survey Lic No: 347 Date: 2065-02-21,,,,,,,DOED
67,Kapadigad,3.3,Small (1-25),Kapadigad,,,111,9/14/2070,9/13/2105,Salmanidevi Hydropower Pvt Ltd,"Dhunga Adda, Tinthana-7,KTM, 014316325","29o00' 00""","29o01' 15""","80o45' 00""","80o47' 05""",",Barchhen (Doti)",,,Survey Lic No: 543 Date: 2067-01-07,,,,,,,DOED
68,Rawa Khola HPP,6.5,Small (1-25),Rawa,,,112,10/28/2070,10/27/2105,Dudhkoshi Power Company Pvt Ltd,"Milanchok 34, Kathmandu, GPO Box: 12015, Tel; 01-4469270, Fax 01-4491475","27o17' 51""","27o18' 51""","86o44' 15""","86o45' 31""","Hauchour,Jalapa,Dumekoldada (Khotang)",,,,,,,,,,DOED
69,Down Piluwa,9.5,Small (1-25),Piluwa,,,113,11/4/2070,11/3/2105,River Falls Hydropower Development P. Ltd.,"P.O.Box, 14165, Anamnagar, Kathmandu, Phone 01-4238159, Fax 01-4102651","27o14' 30""","27o15' 00""","87o16' 00""","87o18' 10""","Baneswor,Ankhibhui,Mamling (Sankhuwasabha)",,,,,,,,,,DOED
70,Madkyu Khola,10,Small (1-25),Madkyu,,,116,11/21/2070,11/20/2105,Silkes Hydropower Pvt.Ltd,"P.O.Box. 170, Lekhnath Nagar Palika - 3, Kaski, Phone 061-560236, Fax 061-532466","28o21' 40""","28o22' 30""","84o07' 31""","84o08' 45""",(Kaski),,,Survey Lic No: 604 Date: 2068-02-20,,,,,,,DOED
71,Chake Khola,2.83,Small (1-25),Chake,,,114,11/21/2070,11/20/2105,Garjyang Upatyaka HP Company,"Khusibu, Ward No. 17, KTM","27o37' 15""","27o38' 19""","86o18' 45""","86o21' 42""",Chuchure (Ramechhap),,,Survey Lic No: 563 Date: 2067-02-24,,,,,,,DOED
72,Super Dordi Kha Hydropower Project,49.6,Medium (25-100),Dordi,,,115,11/21/2070,11/20/2105,Peoples Hydropower Company Pvt.Ltd.,"G.P.O. Box 14165 Maharajgunj Kathmandu, Phone 016222304 Fax 014720739","28o16' 20""","28o18' 50""","84o31' 00""","84o34' 10""","Dhodeni,Faleni (Lamjung)",,,Survey Lic No: 406 Date: 2065-06-15,,,,,,,DOED
73,Solu Hydropower Project,23.5,Small (1-25),Solu,,,117,12/4/2070,12/3/2105,Upper Solu Hydroelectric Company Pvt Ltd,"Hattisar, Kathmandu, Tel: 4434895, Fax: 4434937","27o26' 42""","27o28' 48""","86o34' 06""","86o35' 00""","Gora Khami,Garma,Salleri (Solukhumbu)",,,,,,,,,,DOED
74,Lower Solu Hydropower Project,82,Medium (25-100),Solu,,,118,12/5/2070,12/4/2105,Essel Clean Solu Hydropower Pvt Ltd,"R R Bhavan, Narayanchaur, Kathmandu, Tel; 4261827, Fax: 4260266","27o24' 49""","27o26' 41""","86o34' 31""","86o37' 34""","Garma,Tingla (Solukhumbu)",,,,,,,,,,DOED
75,Upper Myagdi,20,Small (1-25),Myagdi,,,119,12/6/2070,12/5/2105,Hydro Empire P Ltd,"Bafal Sundhara, Kathmandu, P.O.Box 9713","28o31' 12""","28o33' 20""","83o21' 50""","83o23' 20""","Marang,Mudi,Muna (Myagdi)",,,Survey Lic No: 419 Date: 2065-06-30,,,,,,,DOED
76,Rupse Khola,4,Small (1-25),Rupse,,,120,1/5/2071,1/4/2106,Research & Development Group,"Buddha Nagar Kathmandu, Phone 014780675","28o32' 30""","28o33' 40""","83o36' 40""","83o39' 08""",(Myagdi),,,Survey Lic No: 318 Date: 2064-12-17,,,,,,,DOED
77,Upper Dordi A HEP,25,Small (1-25),Dordi,,,121,1/15/2071,1/14/2106,Liberty Energy Hydropower Pvt. Ltd.,"Thapathali-11, Kathmandu","28o15' 00""","28o16' 20""","84o28' 46""","84o31' 59""","Dhodeni,Faleni (Lamjung)",,,Survey Lic No: 631 Date: 2069-04-16,,,,,,,DOED
78,Khare Hydropower Project,24.1,Small (1-25),Khare,,,122,1/21/2071,1/20/2106,Constorium Power Developers Pvt Ltd,"Sinamangal, Kathmandu, Tel; 4462856, fax: 4462856","27o45' 36""","27o48' 00""","86o14' 00""","86o18' 00""","Chankhu,Khare,Marbu (Dolakha)",,,,,,,,,,DOED
79,Maya Khola Hydropower Project,14.9,Small (1-25),Maya,,,123,2/26/2071,2/25/2106,Maya Khola Hydropower Company pvt Ltd,"126 Milap Marg, Bisalnagar, Kathmandu, Nepal. P.O.Box: 8975, EPC: 5602, Tel: 4417947, Fax; 977-1-4433610","27o13' 40""","27o15' 45""","87o18' 33""","87o22' 26""","Mamling,Madi Rambeni,Baneswor (Sankhuwasabha)",,,,,,,,,,DOED
80,Dwari Khola SHP,3.75,Small (1-25),Dwari,,,124,2/26/2071,2/25/2106,Bhugol Energy Development Company Pvt Ltd,"Kupandole, Lalitpur, Tel: 9841488723,9841505699","28o55' 00""","28o56' 48""","81o48' 56""","81o50' 29""",,,,Survey Lic No: 647 Date: 2069-10-07,,,,,,,DOED
81,Bagmati Nadi,20,Small (1-25),Bagmati,,,125,3/19/2071,3/18/2106,Mandu Hydropower Pvt. Ltd.,"Kamaladi 13,Kathmandu.Tel no. 4169088","27o32' 30""","27o30' 21""","85o13' 43""","85o15' 20""",(Makawanpur),,,Survey Lic No: 299 Date: 2064-10-15,,,,,,,DOED
82,Molun Khola SHP,7,Small (1-25),Molun,,,127,6/2/2071,6/1/2106,Molun Hydropower Co. Pvt. Ltd,"Rabibhawan Kathmandu, P.O.Box 5813, Phone 01-4278130, Fax 01-4280799","27o20' 00""","27o21' 20""","86o25' 42""","86o26' 19""","Baraneshwor,Prapchan,Harkapur (Okhaldhunga)",,,Survey Lic No: 609 Date: 2068-03-05,,,,,,,DOED
83,Solu Khola (Dudha Koshi),86,Medium (25-100),Solu,,,126,6/2/2071,6/1/2106,Hydro Venture P Ltd,"P.O.Box. 20225, Kathmandu, Phone 01-4379132","27o21' 53""","27o25' 15""","86o37' 35""","86o41' 15""",(Solukhumbu),,,Generation Lic No: 126 Date: 2071-06-02,,,,,,,DOED
84,Sabha Khola A,8.3,Small (1-25),Sabha,,,128,6/28/2071,6/27/2106,Deepsabha Hydropower Pvt. Ltd.,Old Baneshwor Kathmandu,"27o21' 36""","27o23' 18""","87o14' 00""","87o17' 00""",(Sankhuwasabha),,,Survey Lic No: 333 Date: 2065-02-09,,,,,,,DOED
85,Badigad HPP,6.6,Small (1-25),Badigad,,,129,9/17/2071,9/16/2106,Water and Energy Nepal Pvt Ltd,"P. O. Box : 4610, Panipokhari , Kathmandu, Phone: 01-4435485, Fax: 01-4435485","28o19' 13""","28o20' 14""","83o09' 15""","83o11' 30""","Burtiwang,Bhinggithe,Rajkut (Baglung)",,,,,,,,,,DOED