S No,Project,Capacity (MW),Project Size,River,Application No,,License No,Issue Date,Validity,Promoter,Address,Latitiude N,,Longitude E,,VDC/District,Commercial Operation Year,Commercial Operation Date,Remarks,Wki Link,Website,EIA/SIA Report,Annual Report,Othe Documents/Links,Images,Data Source
1,Khimti -I,60,Medium (25-100),Khimti,,,051/52 BU 001,11/1/2051,10/29/2101,Himal Power Limited,,"27o28' 28""","27o33' 07""","86o06' 04""","86o15' 00""","Sahure,Hawa (Dolakha) Betali (Ramechhap)",2000,7/11/2000,COD 2000-07-11,,http://www.himalhydro.com.np/khimti.html ,,,http://www.jvs-nwp.org.np/sites/default/files/Number%20%2023.pdf ,,DOED
2,Devighat,14.1,Small (1-25),Trishuli,,,051/52/B.U.P.B. 001,12/6/2051,11/30/2101,Nepal Electricity Authority,,"27o53' 07""","27o55' 09""","85o07' 55""","85o08' 45""",(Nuwakot),1984,12/1/1984,COD 1984-12-01,,,,,,,DOED
3,Gandak,15,Small (1-25),Narayani,,,051/52/B.U.P.B. 001,12/6/2051,11/30/2101,Nepal Electricity Authority,,"27o25' 21""","27o28' 16""","83o47' 08""","83o56' 25""",(Nawalparasi),1979,4/1/1979,COD 1979-04-01,,,,,,,DOED
4,Kulekhani-I,60,Medium (25-100),Kulekhani,,,051/52/B.U.P.B. 001,12/6/2051,11/30/2101,Nepal Electricity Authority,,"27o32' 06""","27o37' 48""","85o08' 21""","85o10' 50""",(Makawanpur),1982,5/14/1982,Storage Project COD 1982-05-14,http://en.wikipedia.org/wiki/Kulekhani_Dam ,,,,http://www.mtnforum.org/content/sedimentation-monitoring-kulekhani-reservoir,,DOED
5,Kulekhani-II,32,Medium (25-100),Kulekhani,,,051/52/B.U.P.B. 001,12/6/2051,11/30/2101,Nepal Electricity Authority,,"27o30' 06""","27o32' 06""","85o02' 32""","85o08' 21""",(Makawanpur),1986,1986,"Cascade to Kulekhani I Storage, COD 1986-",,,,,,,DOED
6,Marsyangdi,69,Medium (25-100),Marsyangdi,,,051/52/B.U.P.B. 001,12/6/2051,11/30/2101,Nepal Electricity Authority,,"27o52' 25""","27o56' 53""","84o25' 40""","84o32' 42""",(Tanahu),1989,11/5/1989,COD 1989-11-05,,,,,,,DOED
7,Panauti,2.4,Small (1-25),Roshi,,,051/52/B.U.P.B. 001,12/6/2051,11/30/2101,Nepal Electricity Authority,,"27o33' 00""","27o35' 21""","85o30' 20""","85o32' 35""",(Kabhrepalanchok),1965,1965,COD 1965,,,,,,,DOED
8,Seti,1.5,Small (1-25),Seti,,,051/52/B.U.P.B. 001,12/6/2051,11/30/2101,Nepal Electricity Authority,,"28o13' 50""","28o15' 06""","83o57' 54""","83o59' 34""",(Kaski),1985,11/1/1985,COD 1985-11-01,,,,,,,DOED
9,Sun Koshi,10.05,Small (1-25),Sun Koshi,,,051/52/B.U.P.B. 001,12/6/2051,11/30/2101,Nepal Electricity Authority,,"27o45' 00""","27o46' 00""","85o50' 10""","85o52' 30""",(Sindhupalchok),1972,1972,COD 1972,,,,,,,DOED
10,Tatopani,2,Small (1-25),Tatopani,,,051/52/B.U.P.B. 001,12/6/2051,11/30/2101,Nepal Electricity Authority,,"28o31' 31""","28o32' 00""","83o39' 30""","83o40' 07""",(Myagdi),NA,NA,COD,,,,,,,DOED
11,Tinau,1.024,Small (1-25),Tinau,,,051/52/B.U.P.B. 001,12/6/2051,11/30/2101,Nepal Electricity Authority,,"27o43' 00""","27o44' 20""","83o27' 30""","83o28' 00""",(Palpa),NA,NA,COD,,,,,,,DOED
12,Trishuli,24,Small (1-25),Trishuli,,,051/52/B.U.P.B. 001,12/6/2051,11/30/2101,Nepal Electricity Authority,,"27o55' 09""","27o58' 25""","85o08' 45""","85o11' 11""",(Nuwakot),1995,1995,COD 1967 (upgraded 24 MW in 1995),,,,,,,DOED
13,Andhi Khola,9.4,Small (1-25),Andhi Khola,,,051/52/B.U.P.B. 002,1/8/2052,12/30/2101,Butwal Power Company,,"27o55' 34""","27o57' 02""","83o40' 37""","83o41' 06""",(Syangja),2048,2/18/2048,COD for 5.1 MW : 2048-02-18,,,,,,,DOED
14,Jhimruk Khola,12.5,Small (1-25),Jhimruk,,,052/53/B.U.P.B. 003,1/25/2052,12/30/2101,Butwal Power Company,,"28o04' 02""","28o04' 46""","82o48' 04""","82o49' 07""",(Pyuthan),1994,8/1/1994,COD 1994-08-01,,,,,,,DOED
15,Puwa,6.2,Small (1-25),Puwa,,,052/53 BU 002,5/27/2052,11/30/2101,Nepal Electricity Authority,,"26o52' 28""","26o54' 50""","87o54' 04""","87o55' 52""",Ilam N.P. (Ilam),2000,4/4/2000,COD 2000-04-04,,,,,,,DOED
16,Modi Khola,14.8,Small (1-25),Modi,,,052/53 BU 003,10/24/2052,11/30/2101,Nepal Electricity Authority,,"28o15' 42""","28o17' 45""","83o43' 47""","83o45' 45""",(Parbat),2000,12/1/2000,COD 2000-12-01,,,,,,,DOED
17,Kali Gandaki A,144,Large (100-500),Kali Gandaki,,,053/54 BU 004,7/21/2053,11/30/2101,Nepal Electricity Authority,,"27o55' 00""","28o00' 52""","83o26' 12""","83o37' 20""",Shreekrishna Gandaki (Syangja),2002,8/16/2002,COD 2002-08-16,http://en.wikipedia.org/wiki/Kaligandaki_A_Hydroelectric_Power_Station , ,http://www.nea.org.np/images/supportive_docs/1750EIA-Final.pdf   ,, http://www.nea.org.np/images/supportive_docs/NEA_SIA_final-corrected.pdf ,,DOED
18,Upper Bhotekoshi,45,Medium (25-100),Bhote Koshi,,,053/54 BU 005,8/13/2053,7/30/2093,Bhotekoshi Power Company,,"27o54' 40""","27o56' 42""","85o55' 13""","85o56' 55""",(Sindhupalchok),2012,2012,COD 2001-01-24 (upgrade from 36 MW in 2012),http://www.bhotekoshi.com/,,,,http://www.myrepublica.com/portal/index.php?action=news_details&news_id=89255,,DOED
19,Chilime,22,Small (1-25),Chilime,,,054/55 BU 006,4/26/2054,11/30/2104,Chilime Hydropower Company Limited,,"28o09' 15""","28o11' 07""","85o17' 53""","85o20' 28""",Chilime (Rasuwa),2003,8/23/2003,COD 2003-08-23,http://en.wikipedia.org/wiki/Chilime_Hydropower_Plant ,http://www.chilime.com.np/,,http://www.chilime.com.np/images/supportive_docs/Nepali-AGM-Report-2070-071.pdf,,,DOED
20,Indrawati -III,7.5,Small (1-25),Indrawati,,,054/55 BU 007,11/14/2054,9/29/2104,National Hydropower Company Pvt. Ltd.,,"27o51' 38""","27o53' 15""","85o35' 24""","85o37' 12""","Jyamire,Langarche (Sindhupalchok)",2002,10/7/2002,COD 2002-10-07,,,,,,,DOED
21,Madhya Marsyangdi,70,Medium (25-100),Marsyangdi,,,056/57 BU 008,3/12/2057,1/31/2106,Nepal Electricity Authority,,"28o08' 20""","28o11' 50""","84o24' 18""","84o26' 51""",(Lamjung),2008,11/1/2008,COD 2008-11-01,,,http://www.sari-energy.org/training/eia/course_files/casestudies/NEPAL_CASESTUDY2_Hydro_Electric_Project.pdf ,,http://www.ekantipur.com/2015/03/23/business/middle-marsyangdi-project-impaired-by-high-siltation/403163.html,,DOED
22,Piluwa Khola,3,Small (1-25),Piluwa,,,057/58 BU 009,5/5/2057,0000-00-00,Arun Valley Hydropower Development Company Pvt. Ltd.,,"27o12' 00""","27o15' 00""","87o19' 35""","87o20' 55""",(Sankhuwasabha),2003,9/18/2003,COD 2003-09-18,,,,,,,DOED
23,Sunkoshi Small,2.6,Small (1-25),Sun Koshi,,,059/60 BU 012,6/22/2059,3/31/2094,Sanima Hydripower Pvt.Ltd,,"27o46' 00""","27o48' 00""","85o53' 00""","85o56' 00""",(Sindhupalchok),2005,3/24/2005,COD 2005-03-24,,,,,,,DOED
24,Mailung Khola,5,Small (1-25),Mailung,,,13,12/3/2060,12/30/2094,Mailun Khola Hydropower Company Pvt. Ltd,,"28o04' 03""","28o06' 13""","85o11' 26""","85o11' 26""",(Rasuwa),2014,3/19/2071,COD : 2071-03-19,,,,,,,DOED
25,Chaku Khola,3,Small (1-25),Chaku,,,061/62 BU 016,11/4/2061,11/3/2096,Alliance Power Nepal P.Ltd,,"27o52' 00""","27o53' 00""","85o54' 30""","85o56' 00""","Fulpingkatti,Tatopani (Sindhupalchok)",2005,3/1/2062,COD:2062-03-01 for 1.5 MW,,,,,,,DOED
26,Khudi Khola,4,Small (1-25),Khudi,,,061/62 BU 017,11/13/2061,11/12/2096,Khudi hydropower limited,,"28o16' 30""","28o18' 30""","84o19' 30""","84o21' 30""","Ghanpokhara,Khudi,Simpani (Lamjung)",2006,12/30/2006,COD 2006-12-30,,,,,,,DOED
27,Thoppal Khola,1.65,Small (1-25),Thoppal,,,062/63 BU 019,3/25/2063,3/24/2098,Thoppal Khola Hydropower Company,,"27o49' 00""","27o51' 00""","84o50' 30""","84o53' 30""",(Dhading),2007,10/30/2007,COD 2007-10-30,,,,,,,DOED
28,Mardi Khola,4.8,Small (1-25),Mardi,,,063/64 BU 21,10/8/2063,10/7/2098,Gandaki Hydropower Development Co. P. Ltd,,"28o19' 10""","28o22' 14""","83o52' 55""","83o53' 30""",(Kaski),2010,1/22/2010,COD 2010-01-22,,,,,,,DOED
29,Ridi Khola,2.4,Small (1-25),Ridi,,,063/64 BU 022,2/17/2064,2/16/2099,Ridi Hydropower Development Co P Ltd,"P.O. Box: 11039, Baneswor Kathmandu Ph: 4475234, 44474895","27o55' 30""","27o57' 00""","83o23' 30""","83o26' 30""",(Palpa),2009,10/27/2009,COD 2009-10-27,,,,,,,DOED
30,Mai Khola,4.5,Small (1-25),Mai,,,064/65 BU 023,8/20/2064,8/19/2099,Himal Dolkha Hydropower Co Ltd,,"26o52' 36""","26o53' 36""","87o55' 47""","87o55' 47""",(Ilam),2011,1/28/2011,COD 2011-01-28,,,,,,,DOED
31,Hewa khola,4.455,Small (1-25),Hewa,,,064/65 BU 025,1/22/2065,1/21/2100,Barun Hydropower Development Co. Pvt. Ltd,,"27o18' 54""","27o19' 33""","87o19' 00""","87o20' 44""","Jaljala,Siddhapokhari (Sankhuwasabha)",2011,8/2/2011,COD 2011-08-02,,,,,,,DOED
32,Lower Chaku Khola,1.8,Small (1-25),Chaku,,,26,5/9/2065,5/8/2100,Laughing Buddha Power Nepal Pvt. Ltd,,"27o52' 33""","27o53' 46""","85o54' 43""","85o55' 29""",(Sindhupalchok),2013,4/24/2070,COD : 2070-04-24,,,,,,,DOED
33,Sipring Khola,10,Small (1-25),Sipring,,,27,1/30/2066,1/29/2101,Synergy Power Development P Ltd,"P.O.Box 24600, Kathmandu, Phone 01-4440433","27o48' 38""","27o49' 39""","86o13' 47""","86o15' 18""","Khare,Gauri Sankar (Dolakha)",2013,10/3/2069,COD: 2069-10-03,,,,,,,DOED
34,Lower Modi -1,10,Small (1-25),Modi,,,29,5/2/2066,5/2/2101,"United Modi Hydropower Pvt. Ltd., 1st Floor Heritage Plaza 2; Kamaladi, Kathmandu Metropolitan - 31",Phone 014169114; Fax : 014169113; email : unitedmodi@ntc.net.np,"28o13' 15""","28o14' 07""","83o42' 05""","83o43' 00""",(Parbat),2012,11/24/2012,COD: 2012-11-24,,,,,,,DOED
35,Bhairab Kund Khola,3,Small (1-25),Bhairab Kund,,,30,5/19/2066,5/18/2101,Bhairabkund Hydropower Pvt. Ltd.,"Minbhawan Kathmandu, Phone01-4482201, Fax 01-4482008","27o55' 52""","27o56' 30""","85o55' 53""","85o56' 28""",Tatopani (Sindhupalchok),2014,2/22/2071,COD : 2071-02-22,,,,,,,DOED
36,Siuri Khola,5,Small (1-25),Siuri,,,31,5/30/2066,5/29/2101,Nyadi Group Pvt Ltd,"PO Box 14165, Kathmandu, Ph: 6219566","28o20' 24""","28o21' 00""","84o27' 41""","84o29' 23""",(Lamjung),2012,6/30/2069,COD: 2069-06-30,,,,,,,DOED
37,Ankhu Khola - 1,7,Small (1-25),Ankhu,,,32,8/26/2066,8/25/2101,Ankhu Jalvidut Co. Pvt. Ltd,"Kathmandu, Phone 01-4286228, 9841545350, 9851072170","28o00' 00""","28o01' 30""","84o54' 00""","84o55' 55""",(Dhading),2013,5/8/2070,COD : 2070-05-08,,,,,,,DOED
38,Baramchi Khola HPP,4.2,Small (1-25),Baramchi,,,066/67 BU 033,10/26/2066,10/25/2101,Unique Hydel Pvt Ltd,"Thulo Bharyang, Kathmandu Phone 01-4672598,4672599","27o50' 11""","27o51' 30""","85o46' 38""","85o48' 15""","Baramchi,Hagam (Sindhupalchok)",2010,11/14/2010,COD 2010-11-14 (upgraded),,,,,,,DOED
39,Bijayapur-1,4.5,Small (1-25),Bijayapur,,,066/67 BU 034,12/22/2066,12/21/2101,Bhagawati Hydropower Development Company,,"28o10' 37""","28o11' 26""","84o01' 31""","84o02' 26""",(Kaski),2012,5/5/2069,COD: 2069-05-05,,,,,,,DOED
40,Charnawati Khola Hydroelectric Project,3.52,Small (1-25),Charnawati,,,40,8/17/2067,8/16/2102,Nepal Hydro Developer Pvt Ltd,"Baneswar-10, Kathmandu, Tel; 4441131, Fax: 014441973,POB: 26435","27o37' 50""","27o39' 20""","86o00' 58""","86o02' 36""",Mati (Dolakha),NA,Undefined,COD : undefined,,,,,,,DOED
41,Middle Chaku Khola,1.8,Small (1-25),Chaku,,,44,12/7/2067,12/6/2102,Laughing Budha Power Nepal,"GPO Box: 4619 , Katmandu","27o52' 20""","27o52' 50""","85o55' 45""","85o56' 00""",(Sindhupalchok),2012,11/1/2069,COD: 2069-1111-01,,,,,,,DOED
42,Radhi Small,4.4,Small (1-25),Radhi,,,47,1/28/2068,1/27/2103,Radhi Bidyut Co. Ltd,"P.O.Box: 20290, Phone-014232750,4232749 , Fax: 014232748, Blue Star Complex, Room No. 523, Tripureshwor, Kathmandu","28o23' 48""","28o24' 30""","84o24' 34""","84o25' 45""",(Lamjung),2014,2071/02/31,COD : 2071-02-31,,,,,,,DOED
43,Tadi Khola (thaprek),5,Small (1-25),Tadi,,,54,8/6/2068,8/5/2103,Aadi Shakti Bidhut Bikash Co. P. Ltd,"P.O. Box: 897, Ph: 01-4219731","27o55' 00""","27o55' 56""","85o19' 15""","85o21' 08""",(Nuwakot),2013,1/20/2070,COD : 2070-01-20,,,,,,,DOED