S No,Project,Capacity (MW),Project Size,River,Application No,Application Date,License No,Issue Date,Validity,Promoter,Address,Latitiude N,,Longitude E,,VDC/District,Commercial Operation Year,Commercial Operation Date,Remarks,Wki Link,Website,EIA/SIA Report,Annual Report,Othe Documents/Links,Images,Data Source
1,Roshi Khola & Ladku Khola,3,Small (1-25),Roshi,,,,2/21/2065,2/20/2068,Premier Power PVT Ltd,,"27o27' 34""","27o32' 30""","85o32' 30""","85o33' 30""",(Kabhrepalanchok),,,,,,,,,,DOED
2,Rigdi Khola,1.94,Small (1-25),Rigdi,,,351,2/24/2065,2/23/2068,Niltara W & E Pvt. Ltd,Balkhu Kathmandu,"27o48' 00""","27o49' 00""","84o30' 30""","84o31' 30""",Dahakhani (Chitwan),,,,,,,,,,DOED
3,Chandravati Khola,4,Small (1-25),Chandravati,,,403,6/5/2065,6/4/2067,"Public Consulting Engineers, Madhukar Pandey, Durga Prasad Bhattarai and Rosan Karki","Koteswor Kathmandu, Phone 9841296784","27o54' 32""","27o55' 50""","85o24' 45""","85o27' 11""","Beteni,Rautbesi,Gaunkharka (Nuwakot)",,,,,,,,,,DOED
4,Lower Balephi-3,4.5,Small (1-25),Balephi,,,427,7/18/2065,7/17/2068,Kasthmandap Hydropower Development Pvt. Ltd.,"Minbhawan Kathmandu, Phone 01-4479040","27o43' 10""","27o44' 40""","85o45' 45""","85o47' 15""","Ikhu,Kadambas,Fupingdandagau (Sindhupalchok)",,,,,,,,,,DOED
5,Upper Badigad,5,Small (1-25),Badigad,,,437,7/25/2065,7/24/2066,Resunga Power Development Company Pvt. Ltd.,"P.O.Box. 8973 EPC 838, Kathmandu, Phone 2091398, 9841327272","28o07' 00""","28o10' 00""","83o17' 20""","83o19' 40""",(Gulmi),,,,,,,,,,DOED
6,Rapti Khola,2.185,Small (1-25),Rapti,,,457,9/20/2065,9/19/2067,"Sirin Hydropower Pvt. Ltd.,","Koteswor, Kathmandu, Phone 9851087945","27o30' 04""","27o30' 53""","85o03' 09""","85o04' 51""","Bhaise,Nibuwatar (Makawanpur)",,,,,,,,,,DOED
7,Lower Phalaku HPP,3.35,Small (1-25),Phalakhu,,,465,9/29/2065,9/28/2068,Bisham Hydropower Company Pvt Ltd,"Battisputli, Kathmandu-9","27o58' 07""","27o58' 39""","85o13' 15""","85o15' 00""",Bageswori (Nuwakot) Bhorle (Rasuwa),,,,,,,,,,DOED
8,Lahu Khola,4.08,Small (1-25),Lahu,,,065/66 BUS 509,2/20/2066,2/19/2067,Rukum Power Co. Ltd.,"Kathmandu, Phone 4241853","28o34' 36""","28o36' 28""","82o25' 52""","82o26' 51""",(Rukum),,,,,,,,,,DOED
9,Chake Khola HPP,1.8,Small (1-25),Chake Khola,,,066/67 BUS 524,7/9/2066,7/8/2067,Nobel Hydropower Pvt Ltd,"Boudh, Kathmandu , Tel: 4498749, 9851027633","27o54' 45""","27o55' 16""","85o22' 50""","85o24' 44""","Balkumari,Rautbesi,Samundratar (Nuwakot)",,,,,,,,,,DOED
10,Lower Khani Khola HPP,9,Small (1-25),Khani,,,066/67 BUS 522,7/10/2066,7/9/2069,EnGen Consultancy Pvt Ltd,"GPO Box: 3970, Kathmandu Tel: 5525184","27o47' 48""","27o50' 28""","86o19' 30""","86o20' 49""",Marbu (Dolakha),,,,,,,,,,DOED
11,Phenlun Briddhin Diversion HPP,4.5,Small (1-25),Phenlun-Briddhin,,,538,12/22/2066,12/21/2069,Public Nepal Hydropower Pvt Ltd,"PO Box 5558, Kathamdu Tel: 9841196401","28o11' 34""","28o14' 05""","85o21' 55""","85o24' 03""",Briddhim (Rasuwa),,,,,,,,,,DOED
12,Liping Khola,16.26,Small (1-25),Liping,,,551,1/19/2067,1/18/2072,Him River Power Pvt. Ltd,"RR Complex, 4th Floor, Narayan Chaur, Naxal, Kathmandu; Tel: 4441535, Fax: 44435714; P.O. Box: 3797","27o57' 24""","27o59' 15""","85o56' 30""","85o57' 44""",(Sindhupalchok),,,,,,,,,,DOED
13,Bijaypur Khola-2 HPP,4.5,Small (1-25),Bijaypur,,,562,2/23/2067,2/22/2072,Civil hydropower company,Lekhanath Nagarpalika,"28o09' 10""","28o10' 37""","84o02' 00""","84o10' 36""",Lekhnath (Kaski),,,,,,,,,,DOED
14,Upper Mardi Hydropower Project,7,Small (1-25),Mardi,,,581,6/1/2067,5/31/2072,United Idimardi and R.B. Hydropower Pvt Ltd,"Sanepa , Lalitpur Tel: 01-5543896","28o22' 16""","28o25' 00""","83o52' 03""","83o54' 30""",Lwangghale (Kaski),,,,,,,,,,DOED
15,Orang Khoa HPP,2.1,Small (1-25),Orang Khola,,,589,11/26/2067,11/25/2068,Research and Development Group,"GPO box:10910, Kathmandu, Tel: 4780657","27o46' 46""","27o47' 39""","86o11' 18""","86o13' 09""","Bulung,Orang (Dolakha)",,,,,,,,,,DOED
16,Bauligad Khola HPP,3.4,Small (1-25),Bauli Gad,,,591,11/26/2067,11/25/2069,Om Kumari Shah,"Kathmandu, Tel: 9851034375","29o33' 10""","29o34' 50""","81o09' 00""","81o12' 00""","Chainpur,Rithapata (Bajhang)",,,,,,,,,,DOED
17,Taksar Pikuwa,8,Small (1-25),Pikhuwa,,,593,12/7/2067,12/6/2071,Taksar Pikhuwa Khola Hydropower Pvt. Ltd.,"Kathmandu-35, Saimarg,/Bhojpur VDC-4,Taksar VDC-9,Bhojpur","27o07' 00""","27o08' 38""","87o01' 40""","87o04' 15""",(Bhojpur),,,,,,,,,,DOED
18,Saptang Khola HPP,2.5,Small (1-25),Saptang,,,596,12/7/2067,12/6/2071,Saptang Hydropower Pvt Ltd,"Kathmandu-16, Naya Bazar, Tel: 9851011408, 9841539046","28o00' 00""","28o00' 59""","85o05' 16""","85o07' 07""",Bungtang (Nuwakot),,,,,,,,,,DOED
19,Sisa Khola A Hydropower Project,2.8,Small (1-25),Sisa,,,606,3/1/2068,2072-02-30,Upper Solu Hydroelectric Company Pvt Ltd,"Nagpokhri, Kathmandu, Tel: 4442557, Fax: 4442609","27o26' 00""","27o27' 00""","86o33' 35""","86o34' 27""","Gora Khami,Kerung,Garma (Solukhumbu)",,,,,,,,,,DOED
20,Upper Syange Khola SHP,2.4,Small (1-25),Syange,,,612,7/30/2068,7/29/2071,Upper Syange Hydropower Pvt. Ltd.,"Samakhusi, Kathmandu, P. O. Box: 8975, Phone: 4357646, Fax: 4354186","28o22' 48""","28o23' 59""","84o22' 20""","84o24' 00""",Taghring (Lamjung),,,,,,,,,,DOED
21,Sabha Khola-B HPP,9.86,Small (1-25),Sabha,,,617,10/15/2068,10/14/2071,Pokhari Hydropower Co. P Ltd,"Mahankal-6,Kathmandu, PO Box 9635, Ph no. 4823030, 9742076956","27o25' 00""","27o26' 06""","87o19' 03""","87o22' 43""",Sabha Pokhari (Sankhuwasabha),,,,,,,,,,DOED
22,Irkhuwa Khola-B HPP,3.472,Small (1-25),Irkhuwa,,,621,1/20/2069,1/19/2072,Barah Multi Power Pvt Ltd,"House No 171/16 Anamnagar, Gautam Buddha MargaKathmandu , Tel : 01-4356788, 9851099910","27o23' 47""","27o25' 16""","87o03' 52""","87o05' 56""","Kudak Kaule,Chaukidada,Nepaledada (Bhojpur)",,,,,,,,,,DOED
23,Middle Daram Khola-A HPP,3,Small (1-25),Daram,,,BUS 0622,1/26/2069,1/25/2072,Dhaulagiri Cem Engineering Pvt Ltd,Baglung,"28o15' 54""","28o16' 44""","83o24' 30""","83o26' 22""","Heel,Argal,Amarbhumi (Baglung)",,,,,,,,,,DOED
24,Middle Daram Khola-B HPP,4.5,Small (1-25),Daram,,,BUS 0623,1/26/2069,1/25/2072,Dhaulagiri CEM Engineering Pvt. Ltd.,"Baglung-11, Mobile 9745025919","28o14' 05""","28o15' 54""","83o24' 30""","83o26' 22""","Amarbhumi,Harichaur,Heel (Baglung)",,,,,,,,,,DOED
25,Lower Irkhuwa Khola,6.979,Small (1-25),Irkhuwa,,,627,3/27/2069,3/26/2072,Lower Irkhuwa HP Co PL,"Sinamangal Kathmandu, P.O.Box. 9253, Phone 01-4490786, 9851052451, Fax 01-7110723","27o24' 28""","27o25' 24""","87o05' 57""","87o07' 44""","Kulunga,Nepaledada (Bhojpur)",,,,,,,,,,DOED
26,Lower Selang Khola,1.475,Small (1-25),Selang,,,632,3/28/2069,3/27/2072,Sewa Hydrolink Company,"Tangal, Kathmandu : 4410160","27o51' 11""","27o52' 00""","85o44' 05""","85o45' 00""",Selang (Sindhupalchok),,,,,,,,,,DOED
27,Roshi Khola-1 HPP,2.406,Small (1-25),Roshi,,,B.U.S.0628,3/28/2069,3/27/2071,Natural Hydropower Pvt. Ltd.,"Gaurigaun ward no.9, Kathmandu","27o26' 30""","27o28' 40""","85o45' 00""","85o46' 33""",Bhimkhori (Kavrepalanchok),,,,,,,,,,DOED
28,Kasuwa Khola HPP,9.2,Small (1-25),Kasuwa,,,629,4/3/2069,4/2/2071,CEDB Hydrofund Limited,"Thapathali, Kathmandu, Tel: 4252216, 4261827, fax 4260266","27o35' 01""","27o37' 50""","87o15' 00""","87o17' 56""","Makalu,Pathibhara (Sankhuwasabha)",,,,,,,,,,DOED
29,Tadi Khola Cascade,3,Small (1-25),Tadi,,,630,4/3/2069,4/2/2071,Hira Ratna Hydropower Company Pvt. Ltd,"Kalopul Kathmandu Tel 4220127,4424619","27o55' 16""","27o56' 04""","85o22' 53""","85o23' 29""",Samundratar (Nuwakot),,,,,,,,,,DOED
30,Middle Khimti HP,4.2,Small (1-25),Khimti,,,636,5/21/2069,5/20/2071,"Chuchure Hydropower Pvt Ltd,","GPO Box: 21171, Kathmndu, Phone 4601606, 4601282, Fax 4601282","27o36' 37""","27o39' 08""","86o17' 55""","86o19' 27""",Syama (Dolakha) Chuchure (Ramechhap),,,,,,,,,,DOED
31,Rawa Khola,3,Small (1-25),Rawa,,,638,5/21/2069,5/20/2072,Rawa Energy Development Pvt Ltd,"Ghattekulo, Kathmandu , P.O.Box 20770, Phone 01-4244620","27o20' 28""","27o21' 35""","86o50' 38""","86o51' 33""",Sungdel (Khotang),,,,,,,,,,DOED
32,Lower Nyadi HPP,10.5,Small (1-25),Nyadi,,,639,6/23/2069,6/22/2071,Suryodaya Hydropower Pvt. Ltd.,"Sanepa, Lalitpur-2, Tel:5522297","28o18' 30""","28o19' 45""","84o24' 05""","84o25' 25""","Bahundada,Bhulbhule (Lamjung)",,,,,,,,,,DOED
33,Bajra Madi Hydropower Project,24.8,Small (1-25),Madi,,,640,6/29/2069,6/28/2071,Bajra Energy Ventures Pvt. Ltd.,"Baghdurbar, Sundhara, Kathmandu, Phone: 4242628, Mobile: 9841793347","28o12' 30""","28o16' 00""","84o04' 00""","84o07' 30""","Kalika,Thumakodanda (Kaski)",,,,,,,,,,DOED
34,Daram Khola HEP,7.3,Small (1-25),Daram,,,648,10/15/2069,10/14/2071,Righa Manewa Daram Khola Jalbidhyut Sahakari Sanstha Ltd.,"Phone: 9851012086, 9857622240","28o11' 00""","28o12' 30""","83o19' 40""","83o21' 43""","Malm,Righa,Kandebas (Baglung) Arlangkot (Gulmi)",,,,,,,,,,DOED
35,Hewa A Small HEP,5,Small (1-25),Hewa,,,650,10/21/2069,10/20/2071,Engineer's Saving and Credit Cooperative LTD.,"Battisputali, Kathmandu, P.O.Box 13820, Phone 01-6916772, 9841379967","27o10' 40""","27o11' 38""","87o51' 00""","87o53' 15""","Yanganam,Ekteen (Panchthar)",,,,,,,,,,DOED
36,Puwa II,4.96,Small (1-25),Puwa,,,651,10/22/2069,10/21/2071,Dolkha Nirman Company Pvt Ltd,"Biratnagar, Morang, Tel: 021-531227, 9851085922","26o57' 14""","26o59' 27""","87o53' 49""","87o54' 34""","Sakhejung,Maipokhari,Barbote (Ilam)",,,,,,,,,,DOED
37,Garchyang Khola,6.6,Small (1-25),Garchyang,,,655,12/27/2069,12/26/2071,Citizen Hydropower Company Pvt. Ltd.,"Sahayogi Marga, Koteshwor, Kathmandu-34, Mobile No. 9849604649","28o21' 37""","28o22' 46""","84o08' 45""","84o10' 10""",Namarjung (Kaski),,,,,,,,,,DOED
38,Lower Tara Khola HPP,2.9,Small (1-25),Tara,,,656,2/2/2070,2/1/2072,Pahadi Hydropower Company Pvt Ltd,"Baglung Municipality-2, Tel:9851026215, 01-4410258","28o17' 53""","28o19' 29""","83o24' 16""","83o25' 00""",Tara (Baglung),,,,,,,,,,DOED
39,Galkot Daram Khola HEP,5,Small (1-25),Daram,,,657,2/6/2070,2/5/2072,Galkot-Daram Khola Hydropower Limited,"Sundhara, Kathmandu-11, Phone: 9801141000, 9851052857","28o11' 50""","28o13' 30""","83o23' 18""","83o25' 10""","Kandebas,Harichaur,Hatiya,Malm (Baglung)",,,,,,,,,,DOED
40,Lower Modi-II Cascade HPP,10.5,Small (1-25),Modi,,,662,2/22/2070,2/21/2072,United Modi Hydropower Pvt Ltd,"BYS Complex, Kathmandu, Tel: 4350147 Fax: 4350379","28o12' 00""","28o13' 14""","83o40' 28""","83o42' 05""","Chuwa,Shivalaya,Katuwa Chaupari (Parbat)",,,BBB 066/67 BUS 556 (2067-02-07 to 2069-02-06),,,,,,,DOED
41,Sano Milti Khola SHP,3,Small (1-25),Milti,,,069/70 Bi U Sa 0660,2/26/2070,2/25/2072,Sano Milti Khola Hydropower P.Ltd.,"Daduwa VDC, Ward No. 1, Ramechhap","27o29' 36""","27o30' 17""","86o02' 55""","86o04' 33""","Dandakharka,Melung (Dolakha) Phulasi (Ramechhap)",,,Survey Information of 762.82 KW issued through decision of 2066.4.25 to Ram Bahadur Tamang has been upgraded to Survey License,,,,,,,DOED
42,Upper Piluwa Hills,4.99,Small (1-25),Piluwa,,,659,2/27/2070,2/26/2072,Milke Jaljale Hydropower Pvt.Ltd.,"P.O.Box. 21363, Koteswor Kathmandu","27o18' 08""","27o20' 00""","87o26' 03""","87o27' 55""",(Sankhuwasabha),,,,,,,,,,DOED
43,Lankhuwa Khola,5,Small (1-25),Lankhuwa,,,664,3/13/2070,3/12/2072,Sabhapokhri Hydropower Pvt Ltd,"P.O. Box. 13901, Kusanti, Lalitpur, Tel: 9849447747","27o25' 25""","27o26' 50""","87o17' 10""","87o18' 30""",Dhupu (Sankhuwasabha),,,,,,,,,,DOED
44,Dhad Khola SHP,2.72,Small (1-25),Dhad,,,665,4/11/2070,4/10/2072,Bandipur Hydropower Pvt. Ltd.,"P.O. Box: 4269, Maharajgunj, Kathmandu, Phone: 4721654, 9841683374","27o52' 42""","27o54' 05""","84o20' 42""","84o21' 56""",Dharampani (Tanahu),,,Survey Information was approved for 850 kW on 2067/06/01 (Promoters: Rojan Raj Baniya and Khem Raj Tiwari,,,,,,,DOED
45,Sepli Khola,5,Small (1-25),Sepli Khola,,,667,4/14/2070,4/13/2072,Sepli Hydropower Development Pvt. Ltd.,"Battisputali, Kathmandu, P.O.Box 10512, Phone 01-4470602, 9742082308","27o22' 37""","27o23' 36""","86o26' 38""","86o27' 51""",Patle (Okhaldhunga),,,,,,,,,,DOED
46,Tinau Khola HPP,1.665,Small (1-25),Tinau,,,668,6/1/2070,5/31/2072,Nama Buddha Hydropower Pvt Ltd,"PO Box: 5558, Kathmandu, Mobile: 9851034098","27o44' 10""","27o46' 00""","83o30' 12""","83o32' 00""",Koldada (Palpa),,,Updated from Aproved Survey Information,,,,,,,DOED
47,Middle Kaligandaki,25,Small (1-25),Kali Gandaki,,,670,7/15/2070,7/14/2072,Hydro Support Pvt. Ltd.,"IME Complex, Panipokhari, Kathmandu. PO Box: 19797, Kathmandu. Phone: 014430600, Fax: 014425800","28o30' 01""","28o31' 14""","83o38' 00""","83o40' 00""","Tatopani,Dana,Narchyang (Myagdi)",,,,,,,,,,DOED
48,Upper Modi HPP,14,Small (1-25),Modi,,,674,11/5/2070,11/4/2071,Nepal Electricity Authority,Kathmandu,"28o18' 45""","28o20' 32""","83o46' 11""","83o48' 00""","Dangsing,Ghandruk,Lumle (Kaski)",,,BUS 613 dated from 2068/08/06 to 2070/08/05,,,,,,,DOED
49,Chisang Khola -A Small Hydropower Project,1.8,Small (1-25),Chisang,,,676,12/9/2070,12/8/2071,Chisang Hydro Pvt Ltd,"Kirtipur-17, Kathmandu, Tel: 9841617469","26o48' 20""","26o50' 00""","87o28' 45""","87o29' 59""",Warangi (Morang),,,Upgraded from 0.995 MW Suvey Information approved on 2068-03-12,,,,,,,DOED
50,Upper Naugad Gad Hydropower Project,5,Small (1-25),Naugad,,,679,2/2/2071,2/1/2073,Api Power Company Ltd.,"Trade Tower, Thapathali, Kathmandu. Phone: 015511033, 015111037, Fax: 015111035","29o43' 38""","29o44' 13""","80o36' 49""","80o39' 20""","Dhuligada,Sikhar (Darchula)",,,,,,,,,,DOED
51,Mai Beni HPP,9.008,Small (1-25),Mai Khola,,,680,2/2/2071,2/1/2073,Samling Power company Pvt.Ltd,"Bouddha, Tinchuli P .B. No. 2534,4915149.4915373","26o53' 09""","26o56' 01""","87o56' 38""","87o57' 30""","Namsaling,Soyang,Goduk (Ilam)",,,,,,,,,,DOED
52,Lower Barun Khola HPP,9.6,Small (1-25),Barun Khola,,,681,3/12/2071,3/11/2073,Ampik Energy Pvt Ltd,"Sinamangal,Kathmandu , Tel: 5010505,016211581","27o41' 00""","27o42' 10""","87o20' 40""","87o22' 00""",Hatiya (Sankhuwasabha),,,,,,,,,,DOED
53,Jurimba Khola Small Hydropower Project,9.824,Small (1-25),Jurimba,,,683,4/15/2071,4/14/2073,Jurimba Hydropower Company Pvt. Ltd,"Minbhawan, Kathmandu","27o54' 18""","27o55' 28""","85o53' 26""","85o55' 18""","Listi,Tatopani (Sindhupalchok)",,,,,,,,,,DOED
54,Padam Khola SHP,4.8,Small (1-25),Padam Khola,,,684,5/29/2071,5/28/2073,Dolti Power Company P. Ltd,"Thapathali, Kathmandu, ph 4468423,9851018025","28o54' 02""","28o55' 00""","81o49' 22""","81o52' 30""",Kalika (Dailekh),,,,,,,,,,DOED
55,Jogmai Cascade,3.5,Small (1-25),Jogmai,,,686,6/22/2071,6/21/2073,Sanvi Energy Pvt. Ltd.,"Kupondole, Lalitpur. PO Box: 9875 EPC 3141","26o53' 51""","26o54' 52""","87o59' 11""","88o01' 09""",Namsaling (Ilam),,,,,,,,,,DOED
56,Buku-Kapati Hydropower Project,5,Small (1-25),Buku,,,687,9/1/2071,8/30/2073,Him Star Urja Company Pvt. Ltd.,"Baluwatar-4, Kathmadu. PO Box : 20762","27o30' 00""","27o31' 20""","86o22' 34""","86o24' 10""","Bhussinga,Rawadolu (Okhaldhunga) Goli (Solukhumbu)",,,,,,,,,,DOED
57,Upper Lohore SHP,4.9,Small (1-25),Lohore,,,688,9/7/2071,9/6/2073,Bhugol Energy Dev Com,"P.Box.No. 4708,Buddhanagar,Newbaneswor,Kathmandu 4783012,","28o56' 25""","28o57' 30""","81o48' 20""","81o58' 02""",Baluwatar (Dailekh),,,,,,,,,,DOED
58,Richet Khola SHP,5,Small (1-25),Richet,,,689,9/13/2071,9/12/2073,Richet Jalbidhyut Company Pvt. Ltd.,"Lalitpur-15, Mahalaxmisthan","28o10' 10""","28o10' 55""","84o54' 05""","84o55' 51""","Manbu,Kashigaun (Gorkha)",,,,,,,,,,DOED
59,ChulepuKhola Hydropower Project,8.52,Small (1-25),"Chulepu,Dhunde Khola",,,690,9/14/2071,9/13/2072,Chandeswari Mahadev Khola Micro Hydro Com.P.Ltd.,"Madhyapur Thimi 15, Kausaltar,Bhaktapur 6630660,9851088190","27o28' 50""","27o31' 48""","86o15' 40""","86o18' 01""","Bhujee,Guptesqor,Pritee (Ramechhap)",,,,,,,,,,DOED
60,Super Mai Hydropower Project,6.9,Small (1-25),Mai,,,691,9/29/2071,9/28/2073,Supermai Hydropower Pvt.Ltd.,"Kathmandu -5, Tangal 9818785021","26o56' 27""","26o58' 00""","87o56' 30""","87o58' 01""","Barbote,Soyang,Sumbek (Ilam)",,,,,,,,,,DOED
61,Upper Richet Khola SHP,2,Small (1-25),Richet,,,692,10/2/2071,10/1/2073,Upper Richet Hydropower Pvt. Ltd.,"Lalitpur-1, Kupondole","28o10' 56""","28o11' 53""","84o55' 52""","84o56' 49""","Kashigaun,Manbu (Gorkha)",,,,,,,,,,DOED
62,Myagdi Khola Hydropower Project,24.3,Small (1-25),Myagdi,,,694,10/4/2071,10/3/2073,Hydro Village Pvt. Ltd.,"Lalitpur-22,Jwagal.POBox 4256. 9851050406,9843063534 shshil@sushmitgroup.com,sushil.hyvillage@gmail.com","28o33' 20""","28o38' 00""","83o21' 50""","83o25' 00""",Mudi (Myagdi),,,,,,,,,,DOED
63,sagu Khola,5,Small (1-25),Sagu,,,695,10/9/2071,10/8/2073,Him Parbat Hydropower Pvt.Ltd.,"Kathmandu-11, Tripureshower.POBox 8941.Phone/fax 4117079","27o47' 42""","27o50' 39""","86o05' 00""","86o08' 16""","Khupachagu,Chilankha,Bigu (Dolakha)",,,,,,,,,,DOED
64,Chameliya (Chhetigad),85,Medium (25-100),Chameliya,,,296,9/9/2064,5/10/2072,"West Star Hydropower Co. Pvt. Ltd.,","531Pandol Marg Lajimpat, Kathmandu, Ph. 01-4419843, 9851034077","29o47' 00""","29o50' 00""","80o48' 49""","80o53' 00""",(Darchula),,,,,,,,,,DOED
65,Upper Lapche Khola,99,Medium (25-100),Lapche,,,557,2/10/2067,2/9/2072,Energy Venture Pvt. Ltd.,"New Baneswor Kathmandu, GPO Box: 6870, Phone 9851025737, 9841250988","28o03' 00""","28o07' 29""","86o08' 44""","86o11' 45""",Lamabagar (Dolakha),,,,,,,,,,DOED
66,Middle Trishuli Ganga nadi,65,Medium (25-100),Trishuli,,,578,5/7/2067,5/6/2071,"Perfect Energy Developmnet Pvt. Ltd, KTM,","POB 5342, PH 4468221,9841264685","27o57' 48""","27o59' 11""","85o10' 30""","85o11' 25""",(Nuwakot),,,,,,,,,,DOED
67,Tamakoshi-V,87,Medium (25-100),TamaKoshi,,,579,5/18/2067,5/17/2071,Nepal Electricity Authority,,"27o45' 30""","27o48' 59""","86o11' 00""","86o14' 30""",(Dolakha),,,,,,,,,,DOED
68,Bajhang Upper Seti Hydropower Project,80,Medium (25-100),Seti,,,585,11/16/2067,11/15/2069,Trade Link Global Pvt Ltd,"PO Box: 5771, Kathmandu, Tel: 4244408, Fax: 4225479","29o45' 00""","29o50' 30""","81o15' 00""","81o18' 45""",Kanda (Bajhang),,,,,,,,,,DOED
69,Lower Bheri Hydropower Projec t,60,Medium (25-100),Bheri,,,626,3/22/2069,3/21/2071,Multi Star Energy Pvt Ltd,"Naya Baneswar, Kathmandu, Tel: 016203943","28o59' 10""","29o03' 10""","82o32' 30""","82o35' 17""","Kalika,Narku (Dolpa)",,,,,,,,,,DOED
70,Khimti II,48.8,Medium (25-100),Khimti,,,643,7/15/2069,7/14/2072,Peoples Hydro sahakari Sastha Limited,"Shanti Nagar -34, Kathamandu, P.O.Box 10242, Phone 01-4781891, Fax 01-4781891","27o33' 07""","27o35' 13""","86o09' 26""","86o14' 28""","Chyama (Dolakha) Betali,Rasanalu (Ramechhap)",,,,,,,,,,DOED
71,Likhu Khola HPP,30,Medium (25-100),Likhu,,,663,3/7/2070,3/6/2072,P K Hydropower Pvt. Ltd.,"P.O.Box. 5947, Kathmandu, 9741048107","27o29' 10""","27o31' 17""","86o18' 00""","86o21' 44""","Rawadolu,Khijichandeshwari (Okhaldhunga) Pritee,Kubukasthali (Ramechhap) Goli (Solukhumbu)",,,,,,,,,,DOED
72,Upper Myagdi-I HEP,80,Medium (25-100),Myagdi,,,671,8/13/2070,8/12/2072,Himalayan Infrastructure Fund Limited,"Heritage Plaza, Kathmadu. Phone : 4169088, 4169089","28o27' 30""","28o31' 10""","83o20' 44""","83o23' 06""","Mudi,Muna,Takam,Marang,Darwang (Myagdi)",,,,,,,,,,DOED
73,Upper Ankhu Khola,35,Medium (25-100),Aankhu,,,672,8/14/2070,8/13/2072,Dhading Ankhu Khola Hydro Pvt. Ltd.,"Sumargi B. Complex, Babarmahal-11, Kathmandu","28o07' 00""","28o10' 00""","85o00' 00""","85o03' 30""","Jharlang,Lapa,Sirtung (Dhading)",,,,,,,,,,DOED
74,Tiplyang Kaligandaki HEP,95,Medium (25-100),Kaligandaki,,,677,12/20/2070,12/19/2072,Himalayan Infrastructure Fund Limited,"Heritage Plaza, Kathmandu, Phone No. 4169088, 4169089","28o26' 05""","28o28' 44""","83o36' 03""","83o38' 34""","Tatopani,Dowa,Histan Mandali,Shikha (Myagdi)",,,,,,,,,,DOED
75,Nilgiri Khola-II cascade Project,62,Medium (25-100),Nilgiri,,,678,1/5/2071,1/4/2073,Mountain Energy Nepal Pvt Ltd,"Panipokhri, Kathmandu, GPO Box: 21729, Tel: 4437705","28o32' 17""","28o34' 37""","83o40' 00""","83o43' 00""",Narchyang (Myagdi),,,,,,,,,,DOED
76,Super Nyadi Hydropower Project,40.27,Medium (25-100),Nyadi,,,693,10/4/2071,10/3/2073,Nyadi Group Ltd,"GPO Box no 14165, Anamnagar Kathmandu, Tel 4238159","28o21' 09""","28o24' 23""","84o26' 57""","84o30' 18""","Bahundada,Bhulbhule (Lamjung)",,,,,,,,,,DOED
77,Upper Trishuli-1,216,Large (100-500),Trishuli,,,265,9/24/2063,9/23/2068,Nepal Water & Energy Development Co. P. Ltd,"P.O.Box: 786, Ph: 4270191, Fax: 4278509","28o04' 27""","28o07' 42""","85o12' 40""","85o18' 03""",(Rasuwa),,,Survey going on as per MOU/ Contract dated B.S. 2069/07/02 between MoEn and NWEDC,,,§  http://essa.com/project/environmental-social-and-cumulative-impact-assessment-for-hydropower-development-in-the-upper-trishuli-basin-nepal/,,http://www.nepalenergyforum.com/upper-trishuli-i-developer-waiting-for-pda-ppa-to-kick-start-construction-works/,,DOED
78,Upper Karnali,900,Mega (Above 500),Karnali,,,328,2/5/2065,8/4/2069,"GMR, Upper Karnali Hydropower Limited",Chakupat Lalitpur - 10 Phone 01-5526464,"28o42' 00""","28o58' 20""","81o25' 00""","81o35' 30""","Rahaph, ,Bhairabsthan (Achham) Santalla,Khadkawada,Naule Katuwal,Nepa,Lyati Bindraseni (Dailekh) Chapre,Pokharikanda,Salkot (Surkhet)",,,,http://en.wikipedia.org/wiki/Upper_Karnali_Hydropower_Project ,,,,http://www.investmentboard.gov.np/ckfinder/userfiles/files/UK%20PDA%20Summary%20Revised%2005112014_ENG.docx ,,DOED
79,Arun 3,900,Mega (Above 500),Arun,,,375,4/3/2065,10/2/2068,Satluj Jal Vidyut Nigam Limited,"Saket New Delhi India 110017, Phone +91-11-41659207","27o30' 00""","27o35' 00""","87o12' 00""","87o20' 00""",(Sankhuwasabha),,,,,,http://www.unep.ch/etu/publications/39)%20295%20to%20304.pdf,,http://lib.icimod.org/record/14209/files/6232.pdf ,,DOED
80,Dudhkoshi-2 (Jaleswar) HPP,240,Large (100-500),Dudh Koshi,,,548,1/16/2067,1/15/2072,Dudhkoshi Hydropower Pvt Ltd,"Reg. Off. 6-3-1186/5/A, 3rd Floor, Amogh Plaza, Begumpet, Hyderabad-500016, India","27o21' 37""","27o26' 30""","86o40' 00""","86o43' 36""",(Solukhumbu),,,,,,,,,,DOED
81,Dudhkoshi-4(Taksindu) HPP,350,Large (100-500),Dudh Koshi,,,549,1/16/2067,1/15/2072,KVR India Infra Vidyut Ventures Private Limited,"Plot No. 435,Road No.78, Jubilee Hills,Hyderabad-33, Fax/Tel: +91-40-32425445","27o33' 30""","27o40' 00""","86o40' 00""","86o43' 36""",(Solukhumbu),,,,,,,,,,DOED
82,Upper Trishui-2 HPP,102,Large (100-500),Trishuli,,,555,2/12/2067,2/11/2072,Hydrochina Corporation,"No.2 Beixiaojie Street Lipukang Dewai Beijing China, Tel: +86-10-5197 5898, Fax: +86-10-8208-4665","28o07' 43""","28o10' 00""","85o18' 04""","85o21' 09""",Haku (Rasuwa),,,,,,,,,,DOED
83,Thuli Bheri,121,Large (100-500),Thuli Bheri,,,564,2067-02-31,2070-02-30,GAGE Nepal Pvt Ltd,"GPO Box: 2516, Kathmandu","28o58' 10""","29o01' 50""","82o35' 00""","82o45' 00""",(Jajarkot),,,,,,,,,,DOED
84,Rasuwa Bhotekoshi,120,Large (100-500),Bhote koshi,,,577,4/27/2067,4/26/2072,Langtang Bhotekosi Hydropower Company Pvt. Ltd,"POBox. 10765, Kathmandu, 4440706,4440465,9851053919","28o10' 30""","28o14' 04""","85o20' 00""","85o22' 30""","Thuman,Briddhim,Goljung (Rasuwa)",,,,,,,,,,DOED
85,Ghandruk Modi,111,Large (100-500),Modi,,,605,3/1/2068,2071-02-30,Panchjanya Hydropower P Ltd,"GPO Box: 24646, Kathmandu, Tel; 4278929","28o24' 26""","28o29' 19""","83o49' 40""","83o53' 52""",(Kaski),,,,,,,,,,DOED
86,Thuli Bheri-1 HPP,110,Large (100-500),Thuli Bheri,,,625,3/5/2069,3/4/2072,Trishakti Urja Pvt Ltd,"Baneswar, Kathmandu-34 , GPO Box: 11812,Tel: 4106207","28o58' 00""","29o02' 00""","82o45' 00""","82o52' 30""","Dunai,Jufal,Tripurakot,Sunhoo,Pahada,Likhu (Dolpa)",,,,,,,,,,DOED
87,Bheri-3 storage Hydropower Project (BR-3),480,Large (100-500),Bheri,,,635,5/7/2069,5/6/2071,Sunrise Hydropower P. Ltd,"Lajpat Nagar, New Delhi, India, Tel: +91-11-40594100,Fax: +91-11-47624229","28o23' 00""","28o38' 45""","81o50' 00""","82o05' 00""",(Jajarkot),,,,,,,,,,DOED
88,Upper Budhi Gandaki Hydropower Project,254,Large (100-500),Budhi Gandaki,,,642,8/3/2069,8/2/2072,"Nauseni Hydro Pvt Ltd,","36/16 Nateshwor Marga, Samakhusi, Kathmandu","28o17' 18""","28o26' 25""","84o51' 58""","84o56' 56""","Uiya,Kerauja,Sirdibas,Chunchet (Gorkha)",,,The legality of the survey license is under review in the supreme court.,,,,,,,DOED
89,Dudhkoshi Storage,300,Large (100-500),Dudh koshi,,,653,11/22/2069,11/21/2071,Nepal Electricity Authority,"Durbar Marg , Kathmandu, GPO Box: 10020","27o06' 50""","27o21' 35""","86o35' 00""","86o44' 16""","Lamidada,Kharpa,Dadagaun (Khotang)",,,,,,,,,,DOED
90,Tamor Storage,200,Large (100-500),Tamor,,,666,4/16/2070,4/15/2072,Nepal Electricity Authority,"Ratnapark, kathmandu","27o02' 04""","27o13' 30""","87o31' 27""","87o45' 27""","Panchami,Phidim,Sumang,Yasok,Syangrumba,Rani Gaun,Ambarpur,Bharapa (Panchthar) Nidhuradin,Phulbari,Hangpang,Phungling,Dokhu,Thechambu,Nankholyang,Chaksibote (Taplejung) Chhate Dhunga,Hawaku,Ewa,Myaglung,Okhare,Tamfula,Simle,Chuhandanda,Thoklung (Terhathum)",,,,,,,,,,DOED
91,Tamor Mewa,101,Large (100-500),Tamor,,,675,11/22/2070,11/21/2071,Spark Hydroelectric Co. Ltd.,"Dharmabhakta Marg, Chabhil, P.O. Box. 20832, Kathmandu","27o20' 00""","27o25' 00""","87o35' 00""","87o40' 00""","Khokling,Phungling (Taplejung)",,,,,,,,,,DOED
92,Chera 1,148.7,Large (100-500),Chera,,,682,3/17/2071,3/16/2073,"Byucksan Engineering co. Ltd, Seoul, Korea","korea, phone : +82-2-7675438, Fax: +82-2-7838941,email: info@bseng.co.kr","28o44' 20""","28o46' 41""","81o58' 19""","82o04' 28""","Dasera,Karkigaun,Suwanauli,Salma (Jajarkot)",,,,,,,,,,DOED
93,Andhi Khola Storage Hydropower Project,180,Large (100-500),Andhi Khola,,,685,6/2/2071,6/1/2073,Nepal Electricity Authority,"Durbar Marg, Kathmandu","27o55' 00""","27o59' 00""","83o35' 00""","83o45' 00""","Nibuwakharka,Jagatradevi (Syangja)",,,,,,,,,,DOED