S No,Project,Capacity (MW),Project Size,River,Application No,Application Date,License No,Issue Date,Validity,Promoter,Address,Latitiude N,,Longitude E,,VDC/District,Commercial Operation Year,Commercial Operation Date,Remarks,Wki Link,Website,EIA/SIA Report,Annual Report,Othe Documents/Links,Images,Data Source
1,"Super Dordi Khola ""Kha"" HPP",21,Small (1-25),Dordi,5163,3/22/2066,,,,Peoples Hydropower Company Pvt Ltd,"GPO Box: 14165, Kathmandu Tel : 6222304, Fax: 4720739","28o16' 20""","28o17' 40""","84o31' 00""","84o34' 10""","Dhodeni,Faleni (Lamjung)",,,,,,,,,,DOED
2,Daraundi Khola HPP,5.5,Small (1-25),Daraundi,7231,2/16/2067,,,,Naresh Neupane,"Battisputlai , Kathmandu Tel: 9851000384","28o15' 00""","28o16' 15""","84o43' 17""","84o44' 40""",Ghyalchok (Gorkha),,,,,,,,,,DOED
3,Upper Sagu HPP,4.74,Small (1-25),Sagu,1719,7/4/2067,,,,Sanjay Shrestha,"Gongbu, Kathmandu","27o50' 44""","27o53' 43""","86o05' 00""","86o06' 56""","Alampu,Bigu (Dolakha)",,,,,,,,,,DOED
4,Suri Khola HPP,2.04,Small (1-25),Suri,4271,1/4/2068,,,,Universal Power Company Limited,"Biratnagar, Nepal, Tel: 4261827, Fax: 4260266","27o45' 00""","27o45' 45""","86o11' 30""","86o13' 40""","Chankhu,Suriti (Dolakha)",,,,,,,,,,DOED
5,Sorun Khola,5,Small (1-25),Sorun,3870,12/29/2068,,,,Shubh Hydropower Co P Ltd,"Ph 4431689, 9851123264","27o45' 00""","27o47' 42""","86o06' 16""","86o09' 16""",Babare (Dolakha),,,,,,,,,,DOED
6,Upper Malun khola,4.908,Small (1-25),Malun,2100,9/17/2069,,,,ANK Hydropower Co. Pvt.Ltd.,"Ravi Bhawan Kathmandu, P.O.Box 5813, Phone 01-4278130","27o21' 22""","27o24' 16""","86o24' 15""","86o26' 39""","Prapchan,Shreechaur,Ragadeep (Okhaldhunga)",,,,,,,,,,DOED
7,Chino Khola HEP,5,Small (1-25),Chino,4737,3/6/2070,,,,Butwal Power Company Limited,"P.O. Box: 11728, Kathamandu. Gangadevi Marga 313, Buddhanagar, New Baneshwor","28o32' 00""","28o33' 15""","84o19' 21""","84o20' 22""",Tachi Bagarchhap (Manang),,,,,,,,,,DOED
8,Lower Roshi Hydropower Project,4.97,Small (1-25),Roshi,419,4/16/2070,,,,Sajjan Shrestha,"Sankhamul, Kathmandu 9851125591","27o28' 30""","27o30' 08""","85o43' 00""","85o45' 00""","Kharpachok,Mangaltar,Pokhari Narayansthan,Kuruwas Chapakhori (Kavrepalanchok)",,,,,,,,,,DOED
9,Lower Charnawati,6.4,Small (1-25),Charnawati,2023,8/12/2070,,,,Nepal Hydro Developer Pvt. Ltd,"Naxal, Sanogarcharan Kathamdnu","27o36' 37""","27o38' 12""","86o02' 13""","86o04' 42""","Fasku,Katakuti,Bhimeshwar Munic (Dolakha)",,,Gyanendra Lal Pradhan on behalf of company,,,,,,,DOED
10,Super Tadi HEP,4.59,Small (1-25),Tadi,3512,12/26/2070,,,,Suresh Khadka,"Tupche 3, Nuwakot","27o58' 00""","28o00' 45""","85o26' 26""","85o28' 00""",Dhyangphedi (Nuwakot),,,,,,,,,,DOED
11,Super Aankhu Khola Hydropower Project,14.5,Small (1-25),Aankhu,3943,1/30/2071,,,,Bhola Raj Pandey,"Babarmahal, Kathmandu","28o10' 00""","28o11' 44""","85o02' 20""","85o05' 23""","Lapa,Sirtung (Dhading)",,,,,,,,,,DOED
12,Upper Mailung B Hydropower Project,9.85,Small (1-25),Mailung,4652,3/17/2071,,,,Sanima Hydropower Pvt.Ltd,"Narayanchaur, Naxal, GPO 19737, Kathamndu","28o07' 19""","28o09' 45""","85o10' 53""","85o13' 00""","Dandagoun,Haku (Rasuwa)",,,,,,,,,,DOED
13,Middle Budhiganga Hydropower Project,5,Small (1-25),Budhi Ganga,96,4/5/2071,,,,Reliable Hydropower Company,"Lalitpur 3, Ph 4169116,4169117","29o18' 01""","29o20' 40""","81o15' 27""","81o20' 00""","Barhabise,Tolodewal (Bajura)",,,,,,,,,,DOED
14,Upper Mailung Khola Hydropower Project,10,Small (1-25),Mailung,476,4/22/2071,,,,Infrastructure Development Fund Pvt. Ltd,"Heritage Plaza II, Kamaladi, Kathmandu; P.O. Box. 516; Ph. 4169116, 4169117","28o05' 00""","28o08' 00""","85o11' 00""","85o13' 00""","Dandagoun,Haku (Rasuwa)",,,,,,,,,,DOED
15,Upper Chameliya HP,24.5,Small (1-25),Chameliya,491,4/23/2071,,,,Api Power Co. Ltd,"Thapathali, Kathmandu, ph 5111037,9801147070","29o44' 00""","80o47' 00""","29o46' 57""","80o50' 00""","Guljar,Latinath,Tapoban (Darchula)",,,,,,,,,,DOED
16,Seti Karuwa Hydropower Project,10,Small (1-25),Seti,501,4/27/2071,,,,Infrastructure Development Fund Pvt Ltd.,"Heritaze Plaza-2, Block C&D, Kamaladi, Kathmandu","28o21' 45""","28o24' 15""","83o58' 05""","83o59' 22""","Machhapuchchhre,Sardikhola (Kaski)",,,,,,,,,,DOED
17,Middle Mailung Hydropower Project,10,Small (1-25),Mailung,666,5/6/2071,,,,Mailung Khola Hydropower Company Pvt. Ltd,"POBox. 7148, 539/61 Subarna Shamsher Marg, Bluwatar; Tel. 2001348,4432372","28o05' 00""","28o05' 55""","85o11' 26""","85o13' 09""","Dandagoun,Haku (Rasuwa)",,,,,,,,,,DOED
18,Mudi Khola Hydropower Project,25,Small (1-25),Mudi,712,5/12/2071,,,,Blue Diamond Energy Pvt. Ltd.,"PO Box No. 20762, Lajimpat, Kathmandu","28o30' 54""","28o34' 04""","83o18' 20""","83o21' 44""",Mudi (Myagdi),,,,,,,,,,DOED
19,Himchuli Dordi Hydropower Project,23.88,Small (1-25),Dordi,728,5/13/2071,,,,Peoples Hydropower Company Pvt. Ltd,"Anamnagar, Kathmandu, Po Box No. 25038","28o18' 50""","28o20' 35""","84o33' 40""","84o35' 10""","Dhodeni,Faleni (Lamjung)",,,,,,,,,,DOED
20,Isuwa Khola Hydropower Project,9.752,Small (1-25),Isuwa,764,5/16/2071,,,,Dolakha Nirman Company Pvt. Ltd.,"Biratnagar -13, Morang,Nepal 021472227","27o34' 03""","27o37' 18""","87o11' 23""","87o15' 09""",Makalu (Sankhuwasabha),,,,,,,,,,DOED
21,Middle Mailun A Hydropower Project,10,Small (1-25),Mailung,862,5/24/2071,,,,Sopan Multiple Company Ltd,"Lalitpur, Ph. No. 015002606; 015002607; Fax: 015002608","28o05' 55""","28o07' 19""","85o11' 26""","85o13' 09""","Dandagoun,Haku (Rasuwa)",,,,,,,,,,DOED
22,Dordi Dudh Khola Small Hydropower,4.91,Small (1-25),Dordi,966,5/30/2071,,,,Amar Nath Shrestha,"Budhabare-9, Jhapa, Tel 4354727,9851026084","28o20' 30""","28o22' 45""","84o35' 00""","84o36' 45""","Dhodeni,Faleni (Lamjung)",,,,,,,,,,DOED
23,Thulo Khola Hydropower Project,4.9,Small (1-25),Thulo Khola,1135,6/12/2071,,,,Sungava Foundation Pvt. Ltd.,Lalitpur,"28o31' 25""","28o36' 17""","83o30' 00""","83o33' 04""",Kuinemangale (Myagdi),,,,,,,,,,DOED
24,Lower Nyadi Hydroelectric Project,10,Small (1-25),Nyadi,1176,6/23/2071,,,,Infrastructer Deveolpment Fund Pvt. Ltd,"Heritage Plaza-2, Kamaladi, Kathmandu-31","28o18' 30""","28o19' 45""","84o24' 05""","84o25' 25""","Bahundada,Bhulbhule (Lamjung)",,,,,,,,,,DOED
25,Myardi Khola Hydropower Project,25,Small (1-25),Myardi,1180,6/23/2071,,,,Jalshakti Hydro Company P. Ltd,"Bolde Phediche-5, Kavre","28o26' 30""","28o27' 45""","84o19' 30""","84o22' 40""",Taghring (Lamjung) Dharapani (Manang),,,,,,,,,,DOED
26,Iwa-B Hydropower Project,5,Small (1-25),Iwa,1304,6/29/2071,,,,Ridi Hydropower Development Company Ltd,"GPO. Box No. 21839,Trade Tower Building ,Thapathali, Kathmandu,Nepal","29o17' 20""","29o17' 36""","87o52' 20""","87o51' 55""","Oyam,Tharpu (Panchthar) Ankhop,Sawalakhu (Taplejung)",,,,,,,,,,DOED
27,Nyache Khola Hydropower Project,5,Small (1-25),Nyache Khola,1385,7/4/2071,,,,Surya Water Pvt. Ltd.,"Kathmandu -1, House No. 271 Narayan Chaur Naxal Marg,Situ Plaza,Naxal, Kathmandu","28o22' 34""","28o23' 48""","84o08' 21""","84o10' 36""",Namarjung (Kaski),,,,,,,,,,DOED
28,Bhaise Khola Small Hydropower Project,4.5,Small (1-25),Bhaise Khola,1806,8/4/2071,,,,R & D Power company Pvt. Ltd.,"New Baneshower-10, Katnmandu","27o51' 50""","27o54' 33""","86o13' 40""","86o10' 37""",Lamabagar (Dolakha),,,,,,,,,,DOED
29,Melamchi Khola HEP,5,Small (1-25),Melamchi,1913,8/14/2071,,,,Mount Kailash Energy Company Pvt.Ltd.,"Banasthali-16,Kathmandu, 4302706, 4302707, 4302709, mtkailash11@gmail.com,www.mtkailashenergy.com","27o57' 30""","28o02' 18""","85o31' 31""","85o35' 00""",Melamche (Sindhupalchok),,,,,,,,,,DOED
30,Jhyaku Khola HPP,5,Small (1-25),Jhyaku,1934,8/14/2071,,,,Ganesh Hydro power Com.Pvt.Ltd,"Kathmandu-9, Ratopol,","27o40' 30""","27o44' 10""","86o09' 30""","86o12' 42""","Jhyaku,Jugu (Dolakha)",,,,,,,,,,DOED
31,Upper Suri Khola HPP,5,Small (1-25),"Hulak,Kolung",2380,9/14/2071,,,,Makar Jitumaya Hudropower Pvt.Ltd.,"Kathmandu-11,Tripureswor,","27o43' 30""","27o45' 00""","86o15' 00""","86o17' 30""",Chankhu (Dolakha),,,,,,,,,,DOED
32,Upper Phawa HPP,4.89,Small (1-25),Phawa,2404,9/16/2071,,,,Unitech Hydropower Pvt.ltd.,"Pepsi Cola Marg-1161,Kathmandu-35. 4991157,9852671668,9852674780","27o20' 21""","27o23' 05""","87o46' 05""","87o48' 02""","Tiringe,Sikaicha (Taplejung)",,,,,,,,,,DOED
33,Chimkhola small Hpp,9.5,Small (1-25),Bagar,2405,9/16/2071,,,,Myagdi Power Development Pvt.Ltd,"Trade Tower ,Thapathali,Kathmandu-11 ,5111006,9851033958","28o28' 30""","28o30' 30""","83o31' 15""","83o33' 00""",Chimkhola (Myagdi),,,"51,110,069,851,033,900",,,,,,,DOED
34,Chyandi Khola HPP,4.5,Small (1-25),Chyandi Khola,2516,9/25/2071,,,,Energy Resources PVT.Ltd,"11Malpot Chowk, Bharatpur-10, Chitaun 9841020317,056524402","28o13' 02""","28o15' 00""","84o36' 58""","84o38' 24""",Dudhpokhari (Lamjung),,,,,,,,,,DOED
35,Lower Thadakhani HPP,3.5,Small (1-25),Thadakhani,2591,9/30/2071,,,,Shnkalpa Myagdi Power Development Com. Pvt.Ltd.,"Thapathali-11, Kathmandu, 5th floor entrance Block, Traade Tower, Nepal,5111109,5111006,9851008767,9851033958","28o26' 25""","28o27' 45""","83o29' 40""","83o31' 15""",Pakhapani (Myagdi),,,,,,,,,,DOED
36,Chepe Khola HPP,9.04,Small (1-25),Chepe,2778,10/8/2071,,,,Champawati Hydro Power P.Ltv,"Kathmandu -14 Balkhu,4036085,4036086","28o07' 05""","28o08' 11""","84o33' 06""","84o35' 00""","Thalajung,Kerabari (Gorkha)",,,,,,,,,,DOED
37,Pegu Khola Small Hydropower Project,3.3,Small (1-25),Pegu,3184,11/4/2071,,,,Bigu Energy Private Ltd.,"Kathmandu,Nepal","27o49' 30""","27o51' 00""","86o02' 00""","86o04' 35""",Bigu (Dolakha),,,,,,,,,,DOED
38,Saligram Kaligandaki HPP,86,Medium (25-100),Kali gandaki,5752,10/26/2066,,,,Gandaki Hydrosolution Private Limited,"Kathmandu, Tel: 4106507,4106721","83o33' 00""","83o38' 00""","28o07' 30""","28o00' 35""","Khadagkot,Arbani (Gulmi) Bachchha (Parbat)",,,,,,,,,,DOED
39,Super Dordi Ka Hydropower Project,40,Medium (25-100),Dordi,6152,12/1/2066,,,,Peoples Hydropower Company Pvt Ltd,"GPO Box: 14165, Kathmandu Tel: 6226073","28o17' 40""","28o20' 05""","84o32' 14""","84o35' 18""","Dhodeni,Faleni (Lamjung)",,,,,,,,,,DOED
40,Likhu-B HPP,47.4,Medium (25-100),Likhu,6363,12/12/2066,,,,Kohinoor Hydropower Pvt Ltd,"GPO Box: 485, Kathmandu Tel: 4225009,422585685","27o28' 30""","27o32' 00""","86o18' 00""","86o23' 00""",Rawadolu (Okhaldhunga),,,,,,,,,,DOED
41,Dudhkhola-1 Hydropower Project,35,Medium (25-100),Dudhkhola,980,5/28/2070,,,,Matribhumi Hydropower Development Company Pvt. Ltd.,"Lalitpur Sub-metropolitan City, Ward No. 15, Janani Marg, Lalitpur, Phone: 015543896","28o32' 10""","28o34' 30""","84o22' 30""","84o25' 00""",Thoche (Manang),,,,,,,,,,DOED
42,Chilime Bhotekosi Hydroelectric Project,52.5,Medium (25-100),Bhotekoshi,1088,6/7/2070,,,,Chilime Hudropower Company Ltd,"Dhumbarahi, Kathmandu 4370773","28o09' 20""","28o11' 00""","85o19' 20""","85o20' 45""","Briddhim,Syafru,Goljung (Rasuwa)",,,,,,,,,,DOED
43,Jum Khola Hydropower Project,62,Medium (25-100),Jum,1283,6/22/2070,,,,Sanima Hydropower Prvt Ltd,"Nagpokhari Naxal, Tel. 4446442","27o56' 16""","27o58' 23""","86o12' 47""","86o15' 00""",Lamabagar (Dolakha),,,,,,,,,,DOED
44,Dudhkoshi-6 HEP,93,Medium (25-100),Dudh Koshi,2561,10/13/2070,,,,Yeti Trade and Developers Pvt. Ltd.,"Gongabu-29, Kathmandu.","27o40' 00""","27o44' 00""","86o41' 30""","86o44' 30""",Chaurikharka (Solukhumbu),,,,,,,,,,DOED
45,Upper Tamakoshi-A HPP,85,Medium (25-100),Tamakoshi,2805,10/9/2071,,,,Upper Tamakosh Hydro Power Ltd.,"Annapurna marg, Gyaneshower, Kathmandu4 421694, 4420658 Fx 4421569 ,PO box 26070 neautp@mos.com.np","27o55' 00""","27o58' 00""","86o11' 48""","86o15' 00""",Lamabagar (Dolakha),,,,,,,,,,DOED
46,Uttarganga Storage Hydropower Project,300,Large (100-500),Uttar Ganga,3753,12/13/2068,,,,Nepal Electricity Authority,"Durbar Marg , Kathmandu, GPO Box: 10020","28o 22' 30""","28o 31' 13""","82o 55' 00""","83o 06' 08""",,,,,,,,,,,DOED